,NK,population,softmax param,mutation rate,results
0,"(20, 3)",50,10.0,0.1,"[[ 9.445377  10.562013  12.902118  ... 18.411892  18.411892  18.411892 ]
 [ 9.428742  11.147057  11.190454  ... 13.940532  13.940532  13.940532 ]
 [11.820665  11.820665  11.854915  ... 18.319708  18.319708  18.319708 ]
 ...
 [11.209426  16.25963   16.907722  ... 18.94463   18.94463   18.94463  ]
 [12.933764  13.36176   13.36176   ... 16.622551  16.622551  16.622551 ]
 [ 9.455868  11.902681  12.2923565 ... 12.605833  12.605833  12.605833 ]]"
1,"(20, 3)",50,10.0,0.07,"[[ 9.445377  10.422865  13.599627  ... 17.746305  17.746305  17.524595 ]
 [ 9.428742  11.147057  11.147057  ... 13.940532  13.940532  13.940532 ]
 [11.820665  11.820665  11.854915  ... 18.966423  18.784147  18.966423 ]
 ...
 [11.178327  15.735014  18.484362  ... 18.835302  19.31584   19.31584  ]
 [12.933764  13.36176   15.340672  ... 16.622551  16.622551  16.622551 ]
 [ 9.455868  11.902681  12.2923565 ... 12.975904  12.975904  12.975904 ]]"
2,"(20, 3)",50,10.0,0.03,"[[10.686809 12.299137 13.187524 ... 16.204548 16.811106 14.479402]
 [ 9.428742 11.147057 11.147057 ... 14.445093 14.445093 14.445093]
 [11.820665 11.820665 11.854915 ... 18.784147 18.966423 18.966423]
 ...
 [10.463967 10.902006 11.748913 ... 19.422548 19.422548 19.422548]
 [13.690022 12.184905 11.941797 ... 16.576893 16.6852   16.6852  ]
 [10.76234  12.701554 11.849377 ... 15.394636 14.745079 15.394636]]"
3,"(20, 3)",50,10.0,0.01,"[[10.686809 13.7091   13.087245 ... 17.288136 15.315916 16.594143]
 [10.392883 10.126458 10.32128  ... 12.720602 11.788473 13.033738]
 [10.651177  9.630638 12.509872 ... 12.645383 15.001035 15.001035]
 ...
 [ 8.992925 12.592003 11.922674 ... 15.574648 16.079638 17.618036]
 [13.690022 12.018148 12.962311 ... 14.776936 15.453924 15.453924]
 [10.206449 10.313076 10.786825 ... 11.958353  9.913516 11.101706]]"
4,"(20, 3)",50,1.0,0.1,"[[ 9.445377  10.605509  11.052098  ... 17.43375   17.43375   17.251753 ]
 [ 9.428742  11.147057  11.029769  ... 14.347336  14.347336  14.347336 ]
 [ 8.249227  11.820665  11.854915  ... 18.966423  18.966423  18.966423 ]
 ...
 [11.209426  16.25963   16.907722  ... 19.56661   19.56661   19.56661  ]
 [12.933764  12.933764  14.464507  ... 17.346523  17.346523  17.750877 ]
 [ 9.756855  11.157566  12.478413  ... 12.2665615 12.2665615 12.2923565]]"
5,"(20, 3)",50,1.0,0.07,"[[ 9.445377   9.346961  10.690673  ... 17.746305  17.746305  17.439247 ]
 [ 9.428742  11.147057  10.9373665 ... 15.016821  14.599377  13.48433  ]
 [ 8.249227  11.090361  11.820665  ... 18.966423  18.784147  18.784147 ]
 ...
 [11.178327  15.779659  16.303556  ... 19.56661   19.56661   18.835302 ]
 [12.933764  13.36176   14.464507  ... 16.622551  16.514244  16.622551 ]
 [ 9.939006  11.157566  10.962872  ... 16.878551  16.87592   16.87592  ]]"
6,"(20, 3)",50,1.0,0.03,"[[10.686809 12.299137 14.272578 ... 14.603877 17.883675 16.375595]
 [ 9.428742 11.147057 11.147057 ... 11.593994 11.593994 12.590797]
 [ 8.249227  9.077077 11.693051 ... 16.549736 18.374126 18.374126]
 ...
 [10.463967  9.857669 11.638575 ... 16.20437  16.20437  15.93942 ]
 [13.690022 12.184905 11.941797 ... 16.041004 16.6852   17.750877]
 [10.460206 11.73118  11.756414 ... 14.951727 14.468397 14.468397]]"
7,"(20, 3)",50,1.0,0.01,"[[10.686809  13.7091    13.087245  ... 14.057008  15.273928  14.968773 ]
 [10.2935    10.564221  10.564221  ... 11.903637  14.1616125 14.1616125]
 [ 9.046166   8.219267   8.60494   ... 15.804952  14.135052  13.8174715]
 ...
 [10.105957   9.868182  10.6582575 ... 18.373663  18.373663  19.197044 ]
 [13.690022  12.018148  11.388034  ... 11.807426  11.9655905 12.369203 ]
 [10.576898  11.73118    8.783936  ... 10.652603  12.399943  11.941548 ]]"
8,"(20, 3)",50,0.1,0.1,"[[ 9.445377 11.434399 10.276412 ... 16.684547 16.684547 10.48017 ]
 [ 9.428742 10.011579  8.375094 ... 11.158798  9.022778 10.612229]
 [ 7.67925   9.01389  11.674709 ... 13.350553 12.183877 12.659708]
 ...
 [11.064561 12.826378 12.994598 ... 14.864388 13.191441 14.173573]
 [11.311736  9.352467 11.975694 ... 13.681013 14.546468 12.958014]
 [ 9.756855 11.157566  9.266076 ... 15.394636 15.394636 13.436609]]"
9,"(20, 3)",50,0.1,0.07,"[[ 9.445377  10.8446245  9.849539  ...  9.568434  12.735838  12.735838 ]
 [ 9.428742  10.564221   9.324122  ... 10.734321   9.461955   8.038317 ]
 [ 7.518921  10.082055  12.062207  ... 11.130106  11.301314  10.646717 ]
 ...
 [11.064561  12.346409  12.994598  ... 18.609798  18.609798  19.197044 ]
 [11.645735   9.318238  10.520583  ... 10.827103  10.504099  10.846495 ]
 [ 9.756855  11.157566  10.31338   ...  7.1476374  9.097074  12.486986 ]]"
10,"(20, 3)",50,0.1,0.03,"[[10.686809  10.8446245  9.699979  ... 11.68594    9.668844  13.358973 ]
 [ 9.428742   8.574827   9.295774  ...  5.791012   9.778393   9.252857 ]
 [ 7.3124847  7.91368   11.957979  ... 13.131645  12.3310585  9.506952 ]
 ...
 [11.580626  10.247676  11.074708  ... 13.425571  13.790662  11.679894 ]
 [11.311736   9.288819   9.114429  ... 10.90504   12.743676  10.349407 ]
 [10.54044   11.157566  10.41073   ...  9.47676    9.95793    9.011495 ]]"
11,"(20, 3)",50,0.1,0.01,"[[10.886735  12.064845  10.459814  ... 10.182091  11.580397   9.089785 ]
 [10.2935     7.866064   7.510991  ...  5.1770644  6.8349724  8.231475 ]
 [ 6.697982  10.351782   8.739314  ...  7.382206  10.961901  11.351406 ]
 ...
 [10.957063   9.280779  11.826301  ... 10.682175   9.685663  12.555757 ]
 [11.896946   8.512088   9.691263  ... 11.269902  10.328049   9.960104 ]
 [11.73118    9.034105  11.261085  ...  9.4673605  9.2873535  9.188634 ]]"
12,"(20, 3)",50,0.01,0.1,"[[ 9.341393  10.605509  11.312588  ...  9.636071  10.3492775  9.929439 ]
 [ 9.428742   6.9386525  4.7905264 ...  5.017577   8.139646   3.6746058]
 [ 7.67925   10.068607  11.836262  ...  7.971361   8.702193   9.146379 ]
 ...
 [11.064561  10.4020405 11.600969  ... 13.65197   12.802174  13.1101465]
 [11.311736  10.336738  10.203951  ... 10.477451  10.477451  15.5705595]
 [ 9.756855   7.0616946  8.372722  ...  8.848147  11.933681   9.003786 ]]"
13,"(20, 3)",50,0.01,0.07,"[[ 9.341393  10.120672  11.205242  ... 10.136539   9.519031  10.106118 ]
 [ 9.428742   6.9386525  5.890245  ...  9.062034   4.009109   7.0299916]
 [ 7.518921  10.082055  14.006019  ...  9.847501   6.177813   8.945357 ]
 ...
 [11.064561  10.4020405 13.3138685 ... 12.187992  13.733679   8.607069 ]
 [11.645735   9.352467   7.4841056 ... 12.206335  11.01793   13.807778 ]
 [ 9.756855   9.2519045  8.669423  ...  8.147956   8.034814  11.307103 ]]"
14,"(20, 3)",50,0.01,0.03,"[[10.686809   8.879628  10.697462  ...  6.9943595  9.477016   7.560819 ]
 [ 9.428742   7.8895197 10.961104  ...  5.773801   5.368959   7.682886 ]
 [11.209428   7.91368   11.957979  ...  6.306904   8.296189   8.870248 ]
 ...
 [11.580626  11.042941   9.91135   ...  8.851959  12.463055  13.45131  ]
 [11.311736   7.8747177 11.748122  ... 10.672214   8.112303   9.556011 ]
 [10.54044    9.878038   6.576919  ...  8.775243  10.42927    9.123887 ]]"
15,"(20, 3)",50,0.01,0.01,"[[10.886735   6.1889477  8.627772  ...  9.428101  11.742604   8.162225 ]
 [10.2935     9.229079   4.889514  ...  5.618886   7.2014112  6.8462486]
 [11.209428  10.351782  13.300385  ...  9.189507  10.282226   8.5557   ]
 ...
 [10.957063  11.042941  10.5816145 ...  9.566154  10.553702  10.762742 ]
 [11.311736   8.265224   9.542427  ...  9.759759  10.608526  12.491367 ]
 [11.73118    9.264208   8.926774  ... 11.80396    9.717592  11.290157 ]]"
16,"(20, 3)",100,10.0,0.1,"[[11.329604  11.329604  11.329604  ... 17.925531  17.925531  17.925531 ]
 [ 6.0197334  9.810048  10.392883  ... 14.596813  14.596813  14.596813 ]
 [12.934115  17.302687  18.319708  ... 18.374126  18.374126  18.374126 ]
 ...
 [12.450915  14.687243  14.987402  ... 19.56661   19.56661   19.56661  ]
 [14.464507  14.621633  14.887195  ... 17.750877  17.750877  17.750877 ]
 [11.30582   12.975904  12.975904  ... 12.975904  12.975904  12.975904 ]]"
17,"(20, 3)",100,10.0,0.07,"[[11.329604  11.329604  11.329604  ... 17.925531  17.925531  17.925531 ]
 [ 6.0197334  9.202715  10.384087  ... 15.077808  15.077808  15.077808 ]
 [12.934115  17.302687  18.319708  ... 18.374126  18.374126  18.374126 ]
 ...
 [12.450915  14.687243  14.912747  ... 19.56661   19.56661   19.56661  ]
 [14.464507  14.887195  14.887195  ... 16.622551  16.622551  16.622551 ]
 [11.30582   12.848484  12.975904  ... 12.975904  12.975904  12.975904 ]]"
18,"(20, 3)",100,10.0,0.03,"[[11.329604 11.329604 12.687487 ... 17.251753 17.251753 17.251753]
 [ 7.109787  9.567106 10.587159 ... 14.596813 14.596813 14.596813]
 [14.135052 14.249576 17.188162 ... 18.975525 18.975525 18.975525]
 ...
 [12.450915 14.687243 16.113451 ... 19.56661  19.56661  19.163132]
 [15.753367 15.753367 15.753367 ... 16.622551 16.622551 16.622551]
 [10.111691 12.848484 12.848484 ... 12.975904 12.848484 12.975904]]"
19,"(20, 3)",100,10.0,0.01,"[[12.699101  13.8195305 15.677235  ... 17.239416  16.902248  15.690163 ]
 [ 8.742965  10.5027685 11.562652  ... 12.901223  12.901223  12.901223 ]
 [14.135052  14.135052  15.987228  ... 16.912483  17.09476   16.989853 ]
 ...
 [12.502221  14.059003  13.638431  ... 18.38318   17.570433  18.835302 ]
 [15.753367  15.232365  14.530024  ... 16.008211  15.0561    14.618026 ]
 [10.111691  11.654354  11.654354  ... 15.394636  14.738016  14.827005 ]]"
20,"(20, 3)",100,1.0,0.1,"[[11.781165  11.439217  11.760438  ... 18.411892  18.411892  18.411892 ]
 [ 5.6384287  9.810048  10.564221  ... 15.077808  15.077808  15.077808 ]
 [12.934115  17.302687  18.374126  ... 18.374126  18.374126  18.374126 ]
 ...
 [12.450915  14.687243  16.113451  ... 19.56661   19.56661   19.56661  ]
 [13.732293  15.753367  15.753367  ... 17.750877  17.750877  17.750877 ]
 [11.30582   12.975904  12.975904  ... 12.975904  12.975904  12.975904 ]]"
21,"(20, 3)",100,1.0,0.07,"[[11.781165  15.096835  15.6603155 ... 17.925531  17.925531  17.925531 ]
 [ 5.6384287 10.392883  10.709293  ... 15.016821  15.016821  15.016821 ]
 [12.934115  17.302687  18.374126  ... 18.374126  18.374126  18.374126 ]
 ...
 [12.450915  14.687243  14.912747  ... 19.56661   19.56661   19.56661  ]
 [13.732293  15.753367  15.753367  ... 16.622551  16.622551  16.622551 ]
 [11.30582   11.901871  12.605833  ... 16.878551  16.878551  16.878551 ]]"
22,"(20, 3)",100,1.0,0.03,"[[11.090474  13.084312  15.096835  ... 17.925531  17.925531  17.925531 ]
 [ 6.7284813  9.324122  10.011579  ... 14.290207  14.290207  14.6756   ]
 [14.135052  14.249576  17.188162  ... 18.50181   18.50181   18.966423 ]
 ...
 [12.450915  12.427945  13.865772  ... 18.835302  19.297518  18.205282 ]
 [13.732293  14.621633  14.621633  ... 17.750877  17.750877  17.750877 ]
 [10.728005  11.654354  11.654354  ... 16.878551  16.878551  16.878551 ]]"
23,"(20, 3)",100,1.0,0.01,"[[11.090474 12.544535 12.409927 ... 16.556652 16.631636 17.43375 ]
 [ 8.742965 10.384087 10.384087 ... 12.474741 12.474741 12.474741]
 [14.135052 14.135052 12.677962 ... 12.530094 12.574989 15.341728]
 ...
 [12.502221 12.111677 13.886294 ... 19.56661  16.935976 16.7374  ]
 [13.732293 14.608243 14.511487 ... 17.64257  15.513711 13.401444]
 [10.583666 11.654354 11.654354 ... 15.364737 14.70893  13.225015]]"
24,"(20, 3)",100,0.1,0.1,"[[11.781165  11.781165  13.99549   ... 15.038942  12.488443  13.480369 ]
 [ 5.5589676  6.5115633  9.624221  ... 11.664776  11.664776  11.664776 ]
 [10.8839245 10.617944  15.257253  ... 14.711527  14.746483  13.97701  ]
 ...
 [11.704239  10.463967  11.9929285 ... 18.835302  12.108545  11.85612  ]
 [11.739735  13.732293  14.650622  ... 11.618673  11.727675  13.387634 ]
 [11.236737  10.408246  11.236737  ... 14.114266  12.630351  10.495367 ]]"
25,"(20, 3)",100,0.1,0.07,"[[11.781165  11.641081  10.938187  ... 11.41704   11.009827  11.74412  ]
 [ 9.428742   6.617278   7.4645357 ... 13.297301  11.590157  10.803333 ]
 [10.8839245 11.631687   9.077077  ... 15.2648735 15.2648735 17.742922 ]
 ...
 [11.704239  10.962884  10.052325  ... 17.157566  14.904347  15.22064  ]
 [11.739735  12.242633  10.18031   ... 11.041094   9.836566  13.078485 ]
 [11.236737  10.408246   9.456951  ... 10.459606   9.717592  10.653723 ]]"
26,"(20, 3)",100,0.1,0.03,"[[12.358499  10.48347   15.802484  ... 11.899931  12.886252  11.136541 ]
 [ 9.428742   7.7781005  9.584788  ...  8.865503  12.23825   10.615965 ]
 [10.190954  10.246619  18.784147  ... 12.226022   9.308368   8.797038 ]
 ...
 [10.911206  12.036951  11.811865  ... 13.9005575 13.035502  13.44157  ]
 [12.242633  13.391329  15.753367  ... 10.325514  10.545549  11.652288 ]
 [11.236737   7.964108   8.20264   ... 11.10461   12.075256   9.137731 ]]"
27,"(20, 3)",100,0.1,0.01,"[[13.179587  10.56646    9.148011  ... 11.592933  10.991125  12.053064 ]
 [ 8.601101  10.428639   7.913579  ... 12.123471   9.816978   9.816978 ]
 [10.190954   9.688955   9.773794  ...  9.923191  11.0928335 12.955876 ]
 ...
 [13.6098795 12.155811  13.343288  ...  9.449924  12.584996  12.363588 ]
 [12.242633  13.76081   13.501615  ...  9.998421  12.045412   9.461879 ]
 [11.236737  10.169966  10.343136  ...  7.0627203  9.924005   9.31984  ]]"
28,"(20, 3)",100,0.01,0.1,"[[11.781165  10.8446245 10.142848  ... 10.91048    9.5297985  9.188204 ]
 [ 5.5589676  5.5589676  8.636524  ...  8.571948   7.5633707  7.940462 ]
 [10.8839245  9.077077   8.2935    ...  8.221984  10.867646   9.785871 ]
 ...
 [11.704239  10.227002  12.164329  ... 11.41773   12.690959   9.93329  ]
 [11.739735  14.23519   13.885256  ... 12.189645  12.189645  11.685796 ]
 [11.236737  11.236737  11.236737  ...  7.120859   6.493886   8.477889 ]]"
29,"(20, 3)",100,0.01,0.07,"[[11.781165  11.641081  10.487198  ... 11.210555  14.9987755 10.719423 ]
 [ 9.428742   6.5809636  6.754339  ...  5.9210377  8.364067   9.148686 ]
 [10.8839245  7.831559   9.309697  ... 11.168064   7.4884205 11.158192 ]
 ...
 [11.704239  11.368203  14.003243  ... 11.987524   9.251604   8.433076 ]
 [11.739735  13.391329  11.626484  ... 10.2181015 10.733196   9.555931 ]
 [11.236737  11.236737   8.739811  ... 10.476291   7.5492554  8.761163 ]]"
30,"(20, 3)",100,0.01,0.03,"[[12.358499  10.46629   11.846486  ... 11.783422  10.758941  11.914374 ]
 [ 9.428742   7.4798017  8.7199    ...  7.9670553  7.3767138  5.6373224]
 [10.190954  10.246619  18.784147  ... 11.924219  10.708407   8.925713 ]
 ...
 [10.969028  12.164993  11.995932  ... 10.384166   9.374732  13.363934 ]
 [12.242633  13.391329  15.114891  ...  9.845901   8.993561  11.978295 ]
 [11.236737   8.08161    9.253654  ... 10.947327  12.033118   8.845897 ]]"
31,"(20, 3)",100,0.01,0.01,"[[13.179587 11.605029  9.027633 ... 11.569102 11.115469 12.402574]
 [ 8.601101  8.706525  9.196688 ...  8.113996  8.32166   9.65482 ]
 [10.190954  7.619762 10.741219 ... 10.211956 12.105338  9.872934]
 ...
 [12.502221 14.844705 13.343288 ... 13.634827 12.350905  8.658026]
 [12.242633 11.703936 11.30579  ...  7.960148 10.868513  9.376134]
 [11.236737  7.941941 10.836634 ...  7.023753  7.346266  8.249931]]"
32,"(20, 3)",200,10.0,0.1,"[[11.781165  14.219739  15.829301  ... 17.925531  17.925531  17.925531 ]
 [ 7.7130814 11.190454  12.704836  ... 14.596813  14.596813  14.596813 ]
 [13.93676   16.512365  18.319708  ... 18.966423  18.966423  18.966423 ]
 ...
 [13.250011  19.072014  19.297518  ... 19.56661   19.56661   19.56661  ]
 [15.340672  16.622551  16.622551  ... 17.750877  17.750877  17.750877 ]
 [12.054163  12.215921  12.215921  ... 16.878551  16.878551  16.878551 ]]"
33,"(20, 3)",200,10.0,0.07,"[[11.781165  14.219739  15.829301  ... 17.925531  17.925531  17.925531 ]
 [ 7.7130814 11.455303  14.347336  ... 14.445093  14.596813  14.596813 ]
 [13.93676   16.512365  18.319708  ... 18.966423  18.966423  18.966423 ]
 ...
 [13.250011  19.072014  19.297518  ... 19.56661   19.56661   19.56661  ]
 [15.753367  15.753367  15.753367  ... 17.750877  17.750877  17.750877 ]
 [12.054163  12.096479  12.215921  ... 16.878551  16.878551  16.878551 ]]"
34,"(20, 3)",200,10.0,0.03,"[[11.781165  14.219739  15.1841545 ... 17.925531  17.925531  17.925531 ]
 [ 9.712266   9.712266  12.053829  ... 14.22115   14.93978   14.93978  ]
 [16.512365  16.512365  18.49708   ... 18.966423  18.966423  18.966423 ]
 ...
 [11.954244  12.818148  14.687243  ... 19.56661   19.56661   19.56661  ]
 [14.222625  15.753367  15.753367  ... 17.750877  17.750877  17.750877 ]
 [10.545935  12.054163  13.278066  ... 16.878551  16.878551  16.878551 ]]"
35,"(20, 3)",200,10.0,0.01,"[[11.7366295 17.742823  17.742823  ... 16.903812  17.853483  18.411892 ]
 [ 9.404312  12.365932  13.000943  ... 14.067464  14.067464  14.067464 ]
 [16.512365  15.632506  15.632506  ... 18.966423  18.966423  18.966423 ]
 ...
 [11.99062   13.686563  14.686604  ... 19.422548  17.351965  19.197044 ]
 [14.23519   15.645061  15.645061  ... 17.64257   17.64257   17.750877 ]
 [10.545935  11.968819  11.968819  ... 15.814074  15.814074  15.361946 ]]"
36,"(20, 3)",200,1.0,0.1,"[[11.478972  12.7051115 14.431907  ... 17.925531  17.925531  17.925531 ]
 [ 7.7130814 10.564221  12.143891  ... 14.596813  14.596813  14.596813 ]
 [11.820665  13.683556  18.49708   ... 18.966423  18.966423  18.966423 ]
 ...
 [13.6098795 15.819     18.25886   ... 19.56661   19.56661   19.56661  ]
 [14.222625  15.753367  16.514244  ... 17.750877  17.750877  17.750877 ]
 [10.793445  11.901871  12.975904  ... 12.975904  12.975904  12.975904 ]]"
37,"(20, 3)",200,1.0,0.07,"[[11.478972  12.7051115 13.540114  ... 17.925531  17.925531  17.925531 ]
 [ 7.7130814 10.874043  10.988884  ... 14.596813  14.596813  14.596813 ]
 [11.820665  12.238364  12.844621  ... 18.966423  18.966423  18.966423 ]
 ...
 [13.6098795 15.819     18.484768  ... 19.56661   19.56661   19.56661  ]
 [13.732293  15.042688  15.753367  ... 17.750877  17.750877  17.750877 ]
 [10.137637  11.157566  11.67471   ... 15.858305  15.858305  15.858305 ]]"
38,"(20, 3)",200,1.0,0.03,"[[11.526278 15.28761  16.269035 ... 19.34384  19.34384  19.34384 ]
 [ 8.715463 11.051352 11.455303 ... 14.579057 15.016821 15.016821]
 [11.094138 15.1092   16.49241  ... 18.966423 18.966423 18.966423]
 ...
 [14.08538  16.151518 18.157677 ... 19.56661  19.56661  19.56661 ]
 [13.470387 15.753367 15.753367 ... 17.64257  17.64257  17.750877]
 [10.491473 11.522102 12.178722 ... 16.87592  16.878551 16.87592 ]]"
39,"(20, 3)",200,1.0,0.01,"[[11.7366295 14.339791  15.446883  ... 17.251753  17.251753  17.008987 ]
 [10.03515   12.474741  12.474741  ... 15.077808  14.6756    13.861844 ]
 [10.668108  14.239832  18.319534  ... 16.912483  16.15802   16.13302  ]
 ...
 [14.962924  18.609798  18.609798  ... 18.484768  15.90284   18.205282 ]
 [14.23519   15.645061  14.464507  ... 17.750877  17.750877  17.64257  ]
 [11.321655  13.257734  13.257734  ... 15.364737  15.364737  14.528171 ]]"
40,"(20, 3)",200,0.1,0.1,"[[11.598122  11.814606  12.14873   ... 16.562151  16.562151  16.24832  ]
 [ 7.7130814  8.416724  11.072303  ... 10.475821  12.687709  11.099573 ]
 [11.820665  14.701771  14.701771  ... 16.66586   14.489341  18.047352 ]
 ...
 [11.087388  13.255607  12.462823  ... 16.139038  13.806672  15.689851 ]
 [13.332812  12.704446  12.242633  ... 14.530024  17.750877  14.367012 ]
 [10.010543  10.281887  11.246065  ... 12.51976   12.301048  12.662352 ]]"
41,"(20, 3)",200,0.1,0.07,"[[11.598122  12.013786  11.274001  ... 14.661647  12.430151  14.677979 ]
 [ 7.7130814  8.396258   8.969359  ...  9.743827  12.358252  13.074242 ]
 [11.820665  11.206868  11.013053  ... 17.17213   18.319534  15.23179  ]
 ...
 [12.137315  13.763674  15.081384  ... 15.129353  15.86841   13.628142 ]
 [13.332812  13.332812  14.222625  ... 14.6898    15.337265  13.933133 ]
 [10.010543  10.355819  11.120695  ... 12.448455  12.511669  10.119707 ]]"
42,"(20, 3)",200,0.1,0.03,"[[11.751119  13.243254  10.9561    ... 16.458336  15.616582  14.739486 ]
 [ 7.7130814  9.324122  10.592005  ... 10.235665  10.413613  10.362686 ]
 [10.858442  13.22393   12.535218  ... 12.063718  13.988999  16.52702  ]
 ...
 [11.242544  12.634568  13.477122  ... 17.065685  14.447514  14.284507 ]
 [13.332812  11.524213  14.193677  ... 13.843223  11.981609  10.943088 ]
 [ 9.6558485 10.8310175 10.445919  ... 10.293872   9.267038  12.199179 ]]"
43,"(20, 3)",200,0.1,0.01,"[[11.7366295 12.059877  12.008295  ... 14.274384  13.857885  14.068809 ]
 [10.03515   11.250695  10.059118  ... 10.334357   8.750067  10.696601 ]
 [10.858442  12.169202  11.792795  ... 11.426078  11.56476   11.533795 ]
 ...
 [12.233326  13.868652  14.166071  ... 19.197044  17.334295  14.736452 ]
 [14.222625  11.812812  14.736492  ... 13.212523  14.447591  11.503421 ]
 [10.426494  10.590423  10.575017  ... 10.504496  12.911551  12.102227 ]]"
44,"(20, 3)",200,0.01,0.1,"[[11.478972  11.625425  11.625425  ... 11.620817  13.20899   13.958505 ]
 [ 7.7130814  8.416724  11.072303  ...  7.6254525  8.527511   8.936223 ]
 [11.820665  13.088285  12.0745125 ... 12.309021  12.215008   9.473937 ]
 ...
 [11.9929285 12.427208  11.758546  ... 11.059648  11.268446  11.497112 ]
 [11.991576  11.991576  12.255247  ... 11.038785   8.487388  12.368483 ]
 [10.010543  11.013227  10.762955  ...  9.472332   9.866204  11.261979 ]]"
45,"(20, 3)",200,0.01,0.07,"[[11.478972  15.106423  13.532041  ... 12.277915  14.64595   10.922551 ]
 [ 7.7130814  8.416724   9.2965765 ...  9.670198  10.571288  11.066511 ]
 [11.090361  11.106854  10.393681  ...  9.92261    9.767322   9.906012 ]
 ...
 [13.180337  15.620195  13.774014  ... 15.023262  12.515781  10.111345 ]
 [11.991576  11.925343  13.754325  ... 13.425261  11.919412  10.472386 ]
 [10.010543  10.355819  10.246483  ... 10.214485  11.173864  10.2128725]]"
46,"(20, 3)",200,0.01,0.03,"[[12.567624  13.243254  13.019851  ... 14.230246  13.623995  14.772863 ]
 [ 8.715463   8.938697  10.04421   ...  7.6361427 10.415074   8.948589 ]
 [10.858442  12.336154  10.513711  ...  9.493352  13.356608  11.908675 ]
 ...
 [14.428433  11.581043  11.654966  ... 12.489566   9.407741  11.965826 ]
 [11.524213  10.531032  13.754325  ... 12.776422  13.627663  11.243955 ]
 [ 9.6558485 10.09147   10.312     ... 10.627967  12.199179   8.585197 ]]"
47,"(20, 3)",200,0.01,0.01,"[[12.567624  15.273928  14.777814  ... 11.608341  13.010105  13.350363 ]
 [10.03515   11.138689   9.2243395 ... 12.754715   8.25887    8.513911 ]
 [10.858442  13.421487  11.900385  ... 11.848836   9.1967535 10.844592 ]
 ...
 [14.428433  11.410717  12.38162   ... 11.540845  15.633448  15.169048 ]
 [10.605716  11.812812  12.098545  ... 12.165163   9.733013   9.721079 ]
 [ 9.557933   9.017492  11.069037  ... 10.666455  11.711258   9.020339 ]]"
48,"(20, 10)",50,10.0,0.1,"[[10.139126  11.794058  11.831564  ... 16.15009   16.15009   16.15009  ]
 [13.091209  13.091209  13.091209  ... 17.519781  17.519781  17.519781 ]
 [11.765096  11.765096  11.765096  ... 19.085127  19.085127  19.085127 ]
 ...
 [ 9.872403  12.594547  14.746197  ... 17.020391  17.020391  17.020391 ]
 [ 9.3394985 11.345644  11.965746  ... 14.804116  14.804116  14.804116 ]
 [14.444993  14.444993  14.444993  ... 13.981285  13.981285  13.981285 ]]"
49,"(20, 10)",50,10.0,0.07,"[[10.139126  11.794058  11.831564  ... 20.80112   20.80112   20.80112  ]
 [13.091209  12.724013  12.724013  ... 16.332006  16.332006  16.332006 ]
 [11.010122  11.010122  11.754659  ... 15.805579  15.209421  15.209421 ]
 ...
 [ 9.872403  12.594547  14.39202   ... 17.020391  17.020391  17.020391 ]
 [ 7.1771846 10.138535  10.138535  ... 17.108328  17.108328  17.108328 ]
 [ 7.5709295 13.323902  12.396859  ... 15.635437  15.635437  15.635437 ]]"
50,"(20, 10)",50,10.0,0.03,"[[10.139126  11.794058  11.831564  ... 17.984344  17.984344  16.375355 ]
 [13.091209  12.259365  12.259365  ... 13.92333   13.92333   13.92333  ]
 [11.010122  12.403525  12.933105  ... 15.766672  10.537959  10.537959 ]
 ...
 [ 7.6666455 12.470075  12.470075  ... 15.829789  15.829789  15.829789 ]
 [11.245243   9.567722   9.894718  ... 14.2944355 10.608379  14.2944355]
 [ 7.5709295  6.526862  13.4924755 ... 13.781648  12.391796  14.5381   ]]"
51,"(20, 10)",50,10.0,0.01,"[[10.399295  11.872297  10.287474  ... 10.330953   8.345739   7.6625896]
 [ 9.23114   10.000389  14.776782  ... 10.044459   9.281626  10.924884 ]
 [11.010122  12.403525  12.933105  ... 13.401779  12.101864  12.101864 ]
 ...
 [ 9.715503  10.687478  11.871451  ... 13.391787  13.391787   9.105375 ]
 [12.867957  11.6245775 12.259743  ...  9.549412  16.473053  16.473053 ]
 [ 7.5709295  7.7097898  9.713027  ... 11.536439   9.641344  12.251685 ]]"
52,"(20, 10)",50,1.0,0.1,"[[10.139126  11.794058  11.794058  ... 16.128452  16.128452  16.128452 ]
 [13.091209  13.091209  13.091209  ... 17.519781  17.519781  17.519781 ]
 [11.765096  11.765096  11.765096  ... 19.085127  19.085127  19.085127 ]
 ...
 [ 9.615946  10.251624  10.117184  ... 18.241531  18.241531  18.241531 ]
 [ 9.3394985 11.345644  11.345644  ... 16.033943  16.033943  16.033943 ]
 [14.444993  14.444993  14.444993  ... 14.211285  14.211285  15.198349 ]]"
53,"(20, 10)",50,1.0,0.07,"[[10.139126  11.794058  11.794058  ... 24.443813  24.443813  24.443813 ]
 [13.091209  12.724013  12.724013  ... 16.561346  15.461245  15.461245 ]
 [12.741425  12.741425  12.741425  ... 19.371449  15.707181  15.707181 ]
 ...
 [ 9.615946  10.251624  10.117184  ... 18.273077  18.273077  18.273077 ]
 [ 7.1771846 10.138535  10.138535  ... 15.372193  15.372193  15.372193 ]
 [ 7.5709295 14.771629  13.32502   ... 17.29237   17.29237   17.29237  ]]"
54,"(20, 10)",50,1.0,0.03,"[[10.139126  11.794058  10.570442  ... 12.907867  12.907867  11.56789  ]
 [13.091209  12.259365  12.259365  ...  8.939736   9.937595  11.726746 ]
 [ 9.7234745 14.226631  14.420511  ... 11.391283  10.2299185 13.96649  ]
 ...
 [ 9.318024  12.074099  13.141409  ... 16.879835  16.879835  16.879835 ]
 [11.245243   9.618379   9.894718  ... 17.872585  11.681607  13.969204 ]
 [ 7.5709295 13.283285  14.557792  ... 12.462774  12.343716  13.224272 ]]"
55,"(20, 10)",50,1.0,0.01,"[[10.399295  11.872297  10.287474  ... 11.64224   10.612112   9.189547 ]
 [ 9.23114   11.849227  11.849227  ... 16.945518  11.914306  11.914306 ]
 [ 8.597236  10.22007    9.809173  ... 12.467574  11.751867  11.751867 ]
 ...
 [ 9.099829   8.764116  16.686987  ...  8.142046  10.834072   8.610094 ]
 [12.867957  11.6245775 12.259743  ...  9.448169  12.844311  11.9369335]
 [ 7.5709295 11.939711   9.252762  ...  8.422305  13.102557  10.884261 ]]"
56,"(20, 10)",50,0.1,0.1,"[[12.030792  14.437297   9.810368  ... 12.469444   8.867853  10.0613165]
 [10.696443   9.911893   9.588685  ...  9.477112  11.97582   10.436251 ]
 [ 7.7140517 11.091712  12.484502  ... 13.815986  13.744245  11.498551 ]
 ...
 [ 9.615946   9.39007    9.188192  ...  8.08808   11.565303  12.723362 ]
 [ 7.003828   9.097482   8.891242  ... 10.151123  13.666038   9.210777 ]
 [ 6.296355   8.005792   6.296355  ...  9.458929  13.195929   9.697694 ]]"
57,"(20, 10)",50,0.1,0.07,"[[12.709482   8.297341  11.116327  ... 10.487826  10.075061  10.487826 ]
 [10.696443   9.050305  10.359489  ...  9.71258    9.71258   10.5005045]
 [12.741425  12.741425  10.507171  ... 13.282901  12.514527   6.971856 ]
 ...
 [ 9.615946   9.214506  12.483004  ... 11.963349   8.498532   9.932741 ]
 [ 7.003828   9.097482   8.995346  ... 14.559789  13.670832   8.672727 ]
 [ 6.296355   8.376498  11.406999  ... 10.037835  10.490719  10.490719 ]]"
58,"(20, 10)",50,0.1,0.03,"[[12.709482  14.437297   6.7301674 ... 10.119331  11.060186  13.04549  ]
 [10.696443   9.349822  14.162626  ... 12.025086   9.51478   10.773597 ]
 [13.540641  14.214606   8.296123  ...  8.935761  10.833034  10.463909 ]
 ...
 [ 8.282622   6.2613335  7.8215504 ...  9.797812   9.465333   9.004552 ]
 [ 9.618379  12.882682   8.311055  ... 10.625926  15.960058   8.287568 ]
 [ 8.307611   9.797911   7.7333655 ... 12.802962  10.806436  13.584439 ]]"
59,"(20, 10)",50,0.1,0.01,"[[12.709482   7.949168   6.925947  ...  9.780558  11.638296  11.263245 ]
 [ 9.23114    7.8781147 16.095108  ...  8.800598  12.91273    7.7494807]
 [11.171585  14.214606   8.687374  ... 12.234212  11.259457   9.142315 ]
 ...
 [ 8.037108   8.022694   8.853102  ... 10.148963  15.207676  12.860045 ]
 [ 9.974662   8.327141   9.06562   ...  9.718205  10.203369   9.794426 ]
 [10.510328   9.787047  10.260816  ... 14.066103  10.607784   8.64384  ]]"
60,"(20, 10)",50,0.01,0.1,"[[12.030792  12.147104  14.910632  ... 13.255984   7.785681  12.206772 ]
 [10.696443   9.2115345 10.725211  ... 10.625514  12.538104   7.9534497]
 [ 7.7140517  8.604597   9.416207  ... 11.369974  10.707121   9.069141 ]
 ...
 [ 6.8090067  9.704218   9.383789  ... 11.141462  10.679704  10.679704 ]
 [ 7.003828   8.28171   17.613676  ...  8.663461   8.964929   9.5580845]
 [ 7.9564056  9.034863   9.914197  ...  8.980333  10.562886  10.997305 ]]"
61,"(20, 10)",50,0.01,0.07,"[[12.030792  15.926516   8.977345  ...  8.87134    8.580584   9.529383 ]
 [10.696443  11.994908  10.725211  ... 14.319386  11.759031  10.645255 ]
 [12.741425   9.339273   8.076397  ...  9.326862   9.814519  11.449334 ]
 ...
 [ 6.8090067  9.704218   9.828501  ... 11.344688   8.197762  15.51927  ]
 [ 7.003828   8.360647  17.613676  ... 12.234287   9.747599  13.684404 ]
 [ 6.296355  11.025908  11.406999  ... 12.160668   9.768888   9.768888 ]]"
62,"(20, 10)",50,0.01,0.03,"[[12.030792  11.687996  13.071334  ...  9.814135   7.525952  12.112374 ]
 [10.696443   8.558487  13.894467  ...  9.000618  14.572675   9.963699 ]
 [13.540641  10.7416525 10.344673  ... 11.598224  12.671387  10.76064  ]
 ...
 [ 8.666274   8.832205   9.570812  ...  8.235056   7.6192665  9.6377125]
 [ 9.16579   10.21504    8.246555  ...  8.954182   8.55665   10.016302 ]
 [ 8.307611  10.041425   9.2618475 ... 10.689281   7.1618443  7.2203455]]"
63,"(20, 10)",50,0.01,0.01,"[[11.9594755 11.687996  10.4632435 ...  8.884654  12.113676  10.064331 ]
 [11.110746   7.1774964 16.095108  ...  9.824535   9.741826  12.331062 ]
 [ 7.8934345  8.312013  10.03042   ... 11.854104   9.287053   8.958159 ]
 ...
 [ 8.037108  14.713388   8.0126095 ...  8.447664   9.905211   7.562538 ]
 [13.086999  13.514612  11.298303  ... 11.577405   8.475044  10.5300865]
 [10.510328  13.376652   9.945175  ...  8.380932  10.238444   9.129946 ]]"
64,"(20, 10)",100,10.0,0.1,"[[10.932292 15.004747 15.004747 ... 15.082164 15.082164 15.082164]
 [11.370483 13.034036 13.034036 ... 16.169847 16.169847 16.169847]
 [ 9.769031 13.290524 13.290524 ... 18.524256 18.524256 18.524256]
 ...
 [ 9.307187 10.27397  12.871953 ... 17.244907 17.244907 17.244907]
 [ 9.618379 10.305316 11.893424 ... 16.258783 16.258783 16.258783]
 [14.14069  14.14069  14.14069  ... 17.951777 17.951777 17.951777]]"
65,"(20, 10)",100,10.0,0.07,"[[10.932292 12.85442  15.004747 ... 15.004747 15.004747 15.004747]
 [12.100623 12.49003  12.49003  ... 18.222656 18.222656 18.222656]
 [ 9.769031 10.14597  12.340728 ... 18.051691 18.051691 18.051691]
 ...
 [ 9.307187 15.296192 15.296192 ... 18.221529 18.221529 18.221529]
 [ 9.618379  9.618379  9.618379 ... 16.653454 16.653454 16.653454]
 [14.14069  14.14069  14.14069  ... 17.951777 17.951777 17.951777]]"
66,"(20, 10)",100,10.0,0.03,"[[13.4625225 13.891962  13.891962  ... 17.658075  17.658075  17.658075 ]
 [11.849227  12.317199  12.773909  ... 17.688826  17.688826  17.688826 ]
 [ 9.769031  13.251799  14.887686  ... 15.540972  15.540972  15.9774   ]
 ...
 [10.23961   11.256395  13.253886  ... 19.266275  19.266275  13.469757 ]
 [ 9.618379  11.533861  13.028348  ... 13.842047  13.842047  13.842047 ]
 [14.14069   14.14069   14.14069   ... 17.17714   14.073523  17.17714  ]]"
67,"(20, 10)",100,10.0,0.01,"[[13.4625225 13.4625225  9.698095  ... 15.248251  13.018812  17.550207 ]
 [ 8.703931  10.3256    10.46746   ... 11.262681  11.71261   14.683059 ]
 [ 9.409141  13.251799  11.908876  ... 11.535603  10.700384  10.700384 ]
 ...
 [12.902831   8.489249  15.142186  ... 14.364111  13.656467  18.254826 ]
 [ 9.618379  11.536923  12.526908  ... 14.295872  13.428538  13.717045 ]
 [14.14069   14.14069   16.388199  ... 12.466367  14.087417   8.981391 ]]"
68,"(20, 10)",100,1.0,0.1,"[[12.683646 12.683646 12.683646 ... 24.443813 24.443813 24.443813]
 [11.370483 13.034036 13.034036 ... 16.169847 16.169847 16.169847]
 [ 9.397271 12.988393 12.988393 ... 19.501045 19.501045 19.501045]
 ...
 [ 9.307187  9.307187 15.296192 ... 15.296192 15.296192 15.296192]
 [ 9.618379 11.162613 12.403493 ... 17.909224 17.909224 17.909224]
 [12.984843 13.442213 13.442213 ... 16.876425 16.741531 16.741531]]"
69,"(20, 10)",100,1.0,0.07,"[[12.683646  12.683646  12.683646  ... 15.5019245 15.5019245 15.5019245]
 [12.100623  12.49003   12.100623  ... 17.688826  17.688826  17.688826 ]
 [ 9.315713  14.188147  14.188147  ... 15.853256  15.853256  15.853256 ]
 ...
 [ 9.307187  10.953823  15.296192  ... 18.221529  18.221529  18.221529 ]
 [ 9.618379  12.07325   12.974143  ... 17.761368  17.761368  17.761368 ]
 [12.984843  12.984843  12.984843  ... 16.929441  16.929441  16.929441 ]]"
70,"(20, 10)",100,1.0,0.03,"[[13.4625225 13.891962  13.891962  ... 16.778673  17.500875  17.500875 ]
 [11.849227  12.1282625 12.913338  ... 17.383083  17.383083  17.383083 ]
 [ 9.505931  10.561691  12.373945  ... 17.98711   17.98711   17.98711  ]
 ...
 [10.23961    9.792048  14.393707  ... 18.40282   18.40282   15.78598  ]
 [ 9.618379   9.618379  10.331658  ... 16.258783  16.258783  16.258783 ]
 [10.026883  12.984843  12.984843  ... 19.850346  17.623648  19.850346 ]]"
71,"(20, 10)",100,1.0,0.01,"[[13.4625225 12.488943  10.87216   ... 13.506287  13.600064  14.301266 ]
 [ 8.703931  12.2488365 12.2488365 ... 13.344179  13.344179  13.344179 ]
 [ 7.67485   10.115807  10.2833805 ... 11.538448  13.965693  13.965693 ]
 ...
 [12.902831   8.489249  11.707048  ... 17.975946  12.390206  10.349244 ]
 [ 9.618379  11.533861  12.526908  ... 14.967569   9.330843  13.6910095]
 [10.026883  11.884697  13.768002  ... 13.796753  11.462484  19.66393  ]]"
72,"(20, 10)",100,0.1,0.1,"[[12.128091  11.892048  11.892048  ... 10.750214  11.9609165  9.764731 ]
 [ 9.6580305 10.489173  12.227116  ... 10.351042  11.103825  14.431688 ]
 [10.798604  10.798604  10.798604  ... 10.96867   11.311521  12.949762 ]
 ...
 [ 9.102514   6.4445343  8.437596  ... 10.137446  13.106547  13.145164 ]
 [ 9.905017  10.679566   9.340908  ... 10.40233   13.976555  13.976555 ]
 [ 9.857304   9.857304  12.790221  ... 11.9102    13.320031  12.916956 ]]"
73,"(20, 10)",100,0.1,0.07,"[[12.128091  10.014677  10.775441  ... 11.573004   9.737992  12.688014 ]
 [12.100623  15.473756  14.806455  ... 10.943599  11.542454  11.033208 ]
 [ 9.85639   15.757691   8.811089  ... 10.6464815 12.537333   9.97172  ]
 ...
 [10.23961    5.386099  14.087033  ... 12.898832  11.929515  11.650354 ]
 [13.005984  13.224657   8.897016  ...  9.737613   9.695007  10.133606 ]
 [ 9.857304   9.857304  12.696124  ...  9.321186   9.51414   10.358587 ]]"
74,"(20, 10)",100,0.1,0.03,"[[ 9.35815  12.146255  9.214743 ... 10.684527 11.947185 11.947185]
 [11.849227 11.849227 12.601458 ... 14.623122  9.212635  9.557564]
 [10.504151  9.85639  12.657611 ... 11.560204  9.330926 11.590091]
 ...
 [10.360382  8.067021 11.330787 ... 10.640956 11.348045 11.709527]
 [11.93354  12.860665 14.21335  ... 10.180745 12.525202 16.5912  ]
 [12.984843 13.950517 13.643248 ...  8.459407  9.615337 11.886146]]"
75,"(20, 10)",100,0.1,0.01,"[[ 9.570541 13.479704  9.140533 ...  9.11792  14.271856 10.655968]
 [ 8.703931 15.283459  9.693672 ... 11.38817  10.761773 11.267932]
 [ 9.67172  12.666958 10.585972 ... 10.427853 10.760755 12.970443]
 ...
 [10.447035  9.653739  9.940811 ... 11.343487  9.787961  8.546765]
 [ 9.947393 11.4346   11.138272 ... 13.355711 10.487102 12.250859]
 [11.549087 11.33351  11.330951 ... 10.758883  9.91233  11.709894]]"
76,"(20, 10)",100,0.01,0.1,"[[12.128091  10.377755   9.348482  ... 16.23815   10.509188  10.509188 ]
 [ 9.6580305  9.087995   9.075104  ... 10.809841   7.5803795 13.960012 ]
 [11.084719  10.798604  10.326779  ... 13.8291855  9.241172  14.2218485]
 ...
 [13.413064  13.141409  13.389681  ... 10.8259735 14.20382   11.83749  ]
 [ 9.618379  11.322407  10.940389  ... 13.102424  11.398496  10.705705 ]
 [ 9.857304  10.564576  12.790221  ... 12.857639   9.40646   10.094528 ]]"
77,"(20, 10)",100,0.01,0.07,"[[12.128091  12.734167  12.80108   ... 11.623711  13.572254   9.45691  ]
 [12.100623  15.473756  14.194252  ... 12.968647   8.8952    11.879776 ]
 [11.084719   9.535201  11.46819   ... 10.8974495 10.3608465 12.129834 ]
 ...
 [10.23961    8.232659  10.027816  ... 12.467681  12.51799   10.7685175]
 [ 9.618379  11.322407  10.165804  ... 10.966065  10.510184   9.941666 ]
 [10.059372  10.142845  12.790221  ... 13.352261   8.177887   8.79616  ]]"
78,"(20, 10)",100,0.01,0.03,"[[10.689853 11.613442 14.810509 ...  8.469818 13.508362 11.394682]
 [11.849227 11.849227 14.194252 ... 11.96661  10.071842 12.101356]
 [11.084719  9.535201  9.71508  ... 13.028157 12.563071  9.206601]
 ...
 [10.360382 11.85457  10.794191 ...  9.690218 11.261482 11.570808]
 [11.93354   9.419428 11.562885 ... 10.851718 10.248329  9.55935 ]
 [12.984843 10.142845 10.72961  ... 10.390645 10.908662 12.309023]]"
79,"(20, 10)",100,0.01,0.01,"[[ 9.570541 11.152773 10.429224 ... 11.614264 12.585948 10.700123]
 [ 8.703931 15.283459 11.319185 ... 11.242477 10.930999 10.375733]
 [11.084719  8.976912 12.544704 ...  7.651754 12.518334 13.638595]
 ...
 [11.933966 13.558946  9.824083 ... 11.267858 11.042218 12.733709]
 [ 9.947393  9.632506 13.999012 ...  9.913465  9.837175  9.674507]
 [12.730671 12.219019 11.426014 ... 11.39366  10.103014 11.812978]]"
80,"(20, 10)",200,10.0,0.1,"[[13.541044 13.541044 13.541044 ... 19.06787  19.06787  19.06787 ]
 [13.034036 15.693282 17.790804 ... 17.790804 17.790804 17.790804]
 [10.859034 16.105577 17.67415  ... 20.766453 20.766453 20.766453]
 ...
 [ 8.611536 13.571726 16.6748   ... 17.906544 17.906544 17.906544]
 [13.181495 14.804116 14.804116 ... 18.52195  18.52195  18.52195 ]
 [10.657341 14.444993 15.297133 ... 19.478008 19.478008 19.478008]]"
81,"(20, 10)",200,10.0,0.07,"[[13.541044 13.541044 13.541044 ... 19.06787  19.06787  19.06787 ]
 [13.034036 15.54767  15.54767  ... 17.790804 17.790804 17.790804]
 [10.859034 16.105577 17.67415  ... 20.766453 20.766453 20.766453]
 ...
 [ 9.430845 14.833983 14.833983 ... 18.91043  18.91043  18.91043 ]
 [13.181495 14.133001 14.133001 ... 16.422264 16.422264 16.422264]
 [10.657341 12.699793 12.951441 ... 19.478008 19.478008 19.478008]]"
82,"(20, 10)",200,10.0,0.03,"[[13.541044  13.541044  13.541044  ... 15.815366  15.815366  15.815366 ]
 [12.57378   12.57378   12.57378   ... 18.04682   18.04682   18.04682  ]
 [ 9.409141  11.565532  12.7634945 ... 18.862694  18.862694  18.862694 ]
 ...
 [10.4313345 10.499533  11.819707  ... 18.221529  18.221529  18.221529 ]
 [15.643744  16.437761  16.437761  ... 16.614014  16.614014  16.614014 ]
 [11.145117  14.105398  14.105398  ... 16.808     16.808     16.808    ]]"
83,"(20, 10)",200,10.0,0.01,"[[13.410964  14.175258  14.842456  ... 18.72217   18.72217   18.72217  ]
 [13.987973  13.987973  13.987973  ... 12.808756  16.583338  16.583338 ]
 [11.629822  14.075922  14.075922  ... 14.231205  15.630514  15.630514 ]
 ...
 [11.095505  12.547712  12.547712  ... 17.20526   12.7238655 13.903325 ]
 [12.07325   12.403493  15.408128  ... 16.64069   16.64069   13.002897 ]
 [10.657341  11.476748  11.476748  ... 20.469166  20.469166  17.443077 ]]"
84,"(20, 10)",200,1.0,0.1,"[[13.11982   13.541601  15.229655  ... 17.851107  17.851107  17.851107 ]
 [13.034036  15.54767   15.54767   ... 17.790804  17.790804  17.790804 ]
 [13.403594  14.730213  14.730213  ... 17.373606  17.373606  17.373606 ]
 ...
 [ 7.547522  13.349025  14.383386  ... 18.188255  18.188255  18.188255 ]
 [13.079012  14.8869705 15.159826  ... 18.64349   18.64349   18.64349  ]
 [10.657341  12.223092  15.297133  ... 19.478008  19.478008  19.478008 ]]"
85,"(20, 10)",200,1.0,0.07,"[[10.900526  15.5019245 15.5019245 ... 20.055     20.055     20.055    ]
 [13.034036  15.54767   15.54767   ... 17.790804  17.790804  17.790804 ]
 [11.785542  14.730213  15.388008  ... 20.352673  20.352673  20.352673 ]
 ...
 [ 9.430845  14.833983  17.314459  ... 17.56878   17.56878   17.56878  ]
 [13.079012  13.079012  13.233689  ... 16.653454  16.653454  16.653454 ]
 [10.657341  12.699793  17.025412  ... 17.025412  17.025412  17.025412 ]]"
86,"(20, 10)",200,1.0,0.03,"[[ 9.61589   14.637068  14.99936   ... 17.085155  17.085155  17.085155 ]
 [12.57378   13.433051  13.433051  ... 17.801289  17.801289  17.801289 ]
 [10.688474  13.665128  13.920549  ... 19.085127  19.085127  19.085127 ]
 ...
 [10.4313345 13.810678  16.001184  ... 18.91043   18.91043   18.91043  ]
 [15.643744  16.437761  16.260828  ... 16.260828  16.260828  16.141745 ]
 [11.145117  12.350893  13.652797  ... 16.929441  16.929441  16.929441 ]]"
87,"(20, 10)",200,1.0,0.01,"[[11.202693  12.054319  13.02672   ... 11.328946  17.501022  17.501022 ]
 [13.987973  13.987973  13.599772  ... 13.352012  13.106628  13.753177 ]
 [11.100655  14.501159  14.501159  ... 13.416914  16.611454  16.611454 ]
 ...
 [11.095505  12.902831  12.902831  ... 16.001184  15.906796  15.906796 ]
 [12.860665  12.860665  13.5127735 ... 14.133001  14.2725725 13.144955 ]
 [10.657341  11.476748  13.541614  ... 17.317963  17.317963  14.346707 ]]"
88,"(20, 10)",200,0.1,0.1,"[[ 9.740002   9.365797  12.795553  ... 20.055     15.872622  14.111866 ]
 [13.034036  12.691097  14.480628  ... 12.321552  12.273986  10.6749735]
 [11.127872  12.989408  13.630073  ... 11.856281  13.724231  12.500955 ]
 ...
 [ 8.922732  10.234209  13.2336855 ... 14.098837  14.777657  12.344277 ]
 [ 8.421718   9.883055  12.947234  ... 12.365278  12.980921  13.181495 ]
 [10.323938  10.942615  10.942615  ... 14.829651  13.614704  13.212548 ]]"
89,"(20, 10)",200,0.1,0.07,"[[12.657863   9.421772  10.462917  ...  9.8893385 14.088672  13.757984 ]
 [13.034036  13.565338  12.493176  ... 10.32305   13.970069  12.749603 ]
 [11.127872  13.387073  18.051691  ... 13.540384  13.682181  13.9927025]
 ...
 [ 8.922732  12.547712   9.145341  ... 17.020391  14.996658  12.374221 ]
 [11.963391  11.533861  11.948313  ... 11.216034  14.446346  14.446346 ]
 [10.323938  11.807802  14.104271  ... 13.748171  15.151777  13.570965 ]]"
90,"(20, 10)",200,0.1,0.03,"[[10.475273  11.758182  12.457326  ... 16.944937  10.827001  10.837161 ]
 [12.57378   13.565338  14.022985  ... 10.675396  12.427218  11.859886 ]
 [11.210027  10.694132  17.67415   ... 12.924857  12.763075  12.763075 ]
 ...
 [11.487962  14.703105  14.703105  ... 12.346046  13.449079  14.264888 ]
 [ 7.6398315 11.533861  10.978699  ... 16.094244  10.139898  11.459093 ]
 [12.451264  15.10726   15.217376  ... 13.715042  12.84469   14.54492  ]]"
91,"(20, 10)",200,0.1,0.01,"[[13.077133  13.487953  12.241004  ... 11.153519   9.669323  12.931595 ]
 [13.987973  12.87574   15.774973  ... 12.661456  11.692639  16.07264  ]
 [11.127872  14.841456  14.841456  ... 13.960382  13.146261  11.124332 ]
 ...
 [ 8.503465  15.6711235 12.65762   ... 10.823876  12.6974745 15.874367 ]
 [11.364969  11.300897  13.988633  ... 12.6802635 12.25392   12.945112 ]
 [10.429977  11.779497  13.18671   ... 12.812775  14.071029  10.565336 ]]"
92,"(20, 10)",200,0.01,0.1,"[[ 9.241376  10.961659  14.842456  ... 12.519235   9.897165  13.310507 ]
 [12.57378   13.090638  12.691097  ... 12.338553  11.191845  11.1211195]
 [ 9.035666  13.387073   9.65021   ... 12.262465  11.765096  13.129662 ]
 ...
 [ 9.896934  11.061838  13.455971  ... 11.502346  11.204955  13.43086  ]
 [11.197533  13.428538  11.459485  ... 13.244999  10.732763  12.167951 ]
 [ 9.857304  14.442954  15.947067  ... 12.269602  17.461407  14.490052 ]]"
93,"(20, 10)",200,0.01,0.07,"[[12.657863 11.452492 10.683441 ... 10.939414 13.778352 12.5198  ]
 [12.57378  12.968647 12.691097 ... 15.947235 11.52525  12.43787 ]
 [ 9.035666 13.387073 13.387073 ... 14.041399 14.041399 12.073922]
 ...
 [ 9.896934 10.604725 12.166069 ... 12.969061 14.508098 10.902957]
 [11.963391  9.898958 14.336996 ... 13.738128 11.645249 17.658915]
 [ 9.857304 12.140595 13.575773 ... 12.937262 14.427706 11.780311]]"
94,"(20, 10)",200,0.01,0.03,"[[10.475273  10.911087  16.020754  ... 12.065009  10.34244   12.799081 ]
 [12.57378   13.3246765 12.259756  ...  9.813083  10.067875  13.499121 ]
 [11.210027  10.694132  13.947167  ... 11.140969  12.804592  14.745334 ]
 ...
 [11.609074   8.448801  13.942873  ... 13.648682  12.419501  11.441779 ]
 [10.60458   14.804116  13.118876  ... 11.312819  12.746813  13.953533 ]
 [13.873982  15.10726   11.405518  ... 11.689223  12.910833  14.887752 ]]"
95,"(20, 10)",200,0.01,0.01,"[[13.077133  13.099627  10.292386  ... 12.573727  11.733307  12.7387905]
 [13.987973  14.022545  11.015173  ... 13.921324  13.304783  16.669323 ]
 [10.610333  15.447963  11.770998  ... 13.279994  11.75131   17.821573 ]
 ...
 [11.609074  10.523737   8.992114  ... 11.653118  13.003606  13.906856 ]
 [10.60458   12.682384  11.011282  ... 16.090523  12.78944   13.504761 ]
 [10.429977  10.564576  11.802267  ... 10.622184   9.485174  12.115817 ]]"
96,"(40, 20)",50,10.0,0.1,"[[15.988074 15.988074 16.226242 ... 25.372873 25.372873 25.372873]
 [13.344256 16.29617  23.108465 ... 34.149166 34.149166 34.149166]
 [18.478764 23.719883 23.719883 ... 25.518959 25.518959 25.518959]
 ...
 [16.174084 19.823862 19.823862 ... 20.656351 20.656351 20.656351]
 [13.189974 14.712496 18.080616 ... 23.615662 23.615662 23.615662]
 [20.970453 25.42729  25.42729  ... 25.42729  25.42729  25.42729 ]]"
97,"(40, 20)",50,10.0,0.07,"[[15.988074 16.226242 16.226242 ... 23.052029 23.052029 23.052029]
 [13.344256 16.29617  23.108465 ... 34.149166 34.149166 34.149166]
 [18.478764 23.719883 23.719883 ... 25.518959 25.518959 25.518959]
 ...
 [16.174084 19.823862 19.823862 ... 27.312328 27.312328 27.312328]
 [13.189974 14.712496 18.080616 ... 23.615662 23.615662 23.615662]
 [16.390701 19.807316 19.807316 ... 28.609653 28.609653 28.609653]]"
98,"(40, 20)",50,10.0,0.03,"[[15.614303 15.988074 15.988074 ... 26.739634 26.739634 26.739634]
 [13.344256 14.024102 21.773636 ... 34.149166 34.149166 34.149166]
 [24.351656 24.351656 24.351656 ... 25.445265 24.74505  25.262396]
 ...
 [16.174084 16.925938 19.823862 ... 26.775864 26.775864 26.74907 ]
 [13.189974 14.712496 14.712496 ... 17.331886 21.581118 24.340181]
 [15.590521 17.328619 17.328619 ... 32.08748  32.08748  32.08748 ]]"
99,"(40, 20)",50,10.0,0.01,"[[15.614303 15.614303 15.614303 ... 17.760899 19.28167  21.844067]
 [10.726421 17.361256 20.596985 ... 26.48921  25.730099 25.730099]
 [19.176579 21.249683 22.964275 ... 14.739941 14.918828 17.723452]
 ...
 [18.13575  18.13575  18.13575  ... 23.148556 19.819637 16.373793]
 [13.435021 17.863031 18.614826 ... 18.929909 20.553799 21.389982]
 [18.276981 21.37114  21.37114  ... 20.082413 20.082413 20.573391]]"
100,"(40, 20)",50,1.0,0.1,"[[15.988074 15.988074 16.226242 ... 25.372873 25.372873 25.372873]
 [13.344256 16.29617  23.108465 ... 34.149166 34.149166 34.149166]
 [18.478764 23.719883 23.719883 ... 25.518959 25.518959 25.518959]
 ...
 [16.174084 19.823862 19.823862 ... 20.656351 20.656351 20.656351]
 [13.189974 21.197233 21.197233 ... 29.226717 29.226717 29.226717]
 [17.069502 21.915682 22.063515 ... 25.42729  25.42729  25.42729 ]]"
101,"(40, 20)",50,1.0,0.07,"[[15.988074 16.226242 16.353579 ... 24.428886 24.428886 24.428886]
 [13.344256 16.29617  23.108465 ... 34.149166 34.149166 34.149166]
 [18.478764 23.719883 23.719883 ... 25.518959 25.518959 25.518959]
 ...
 [16.174084 20.492813 20.492813 ... 31.34716  31.34716  31.34716 ]
 [13.189974 21.197233 21.197233 ... 29.226717 29.226717 29.226717]
 [16.390701 17.328619 17.328619 ... 29.261898 29.261898 29.261898]]"
102,"(40, 20)",50,1.0,0.03,"[[15.614303 16.07554  16.07554  ... 26.028784 26.028784 26.028784]
 [13.344256 14.024102 15.644974 ... 27.25808  27.25808  27.25808 ]
 [24.351656 24.351656 24.351656 ... 25.445265 25.445265 25.445265]
 ...
 [16.174084 16.925938 16.174084 ... 21.208694 21.208694 20.98564 ]
 [13.189974 14.712496 13.189974 ... 19.818974 19.818974 19.818974]
 [15.590521 17.671793 21.16482  ... 29.261898 29.261898 29.261898]]"
103,"(40, 20)",50,1.0,0.01,"[[15.614303 15.614303 15.614303 ... 23.795385 23.795385 24.652496]
 [10.713602 14.748066 14.748066 ... 25.902454 18.877556 18.877556]
 [19.176579 21.249683 21.249683 ... 20.203144 20.026636 25.717518]
 ...
 [18.13575  16.174084 16.174084 ... 23.13506  24.963943 20.559883]
 [13.435021 17.863031 18.614826 ... 25.00144  20.056412 28.101204]
 [18.276981 18.276981 18.226053 ... 21.897774 21.427166 12.946606]]"
104,"(40, 20)",50,0.1,0.1,"[[17.92713  24.801414 24.801414 ... 17.322773 17.322773 17.322773]
 [13.344256 14.750631 15.468146 ... 21.44777  19.372002 21.03415 ]
 [14.320183 14.946938 12.646917 ... 23.710892 23.710892 23.710892]
 ...
 [16.174084 16.925938 16.69305  ... 14.052616 13.894745 17.747913]
 [11.861989 12.750275 13.863813 ... 20.845684 20.845684 20.845684]
 [19.28718  19.28718  19.28718  ... 18.75678  24.237951 24.237951]]"
105,"(40, 20)",50,0.1,0.07,"[[17.92713   13.30991   15.098628  ... 18.083633  18.412758  18.543068 ]
 [13.344256  13.344256  14.196906  ... 16.133564  12.880384  20.177612 ]
 [14.320183  18.057056  15.40276   ... 15.668367  15.668367  18.918058 ]
 ...
 [16.174084  17.130388  14.1366415 ... 13.460572  13.460572  17.863716 ]
 [11.861989  12.750275  18.230848  ... 15.245141  11.672576  19.868778 ]
 [19.28718   19.534397  19.534397  ... 19.62903   19.62903   21.063477 ]]"
106,"(40, 20)",50,0.1,0.03,"[[15.614303  13.088202  11.41383   ... 14.500038  14.500038  14.577363 ]
 [13.344256  13.344256  12.251954  ... 13.878515  14.994997  14.715588 ]
 [15.675819  15.29624   10.827063  ... 14.233441  15.282278  21.962461 ]
 ...
 [16.174084  16.174084  14.036583  ... 15.632481  14.074373  15.082532 ]
 [12.6553135 13.017087  14.00417   ... 10.884758  12.09578   16.588366 ]
 [19.28718   18.411901  17.281746  ... 14.0952835 15.483014  15.483014 ]]"
107,"(40, 20)",50,0.1,0.01,"[[15.614303  10.89583   16.97435   ... 12.739941  12.488787  10.347773 ]
 [13.858755  12.389082  15.3201065 ... 17.094292  14.198286  13.355816 ]
 [16.48756   20.3765    20.3765    ... 12.90764   16.394882  13.190728 ]
 ...
 [18.13575   19.823862  17.16027   ... 13.007537  12.037085  10.700546 ]
 [13.435021  11.880151  11.146613  ... 12.318722  11.438704  10.89135  ]
 [18.276981  19.73468   14.3246975 ... 17.11259   16.192245  14.052563 ]]"
108,"(40, 20)",50,0.01,0.1,"[[17.92713   16.574804  10.822311  ... 13.924093  14.46964   16.749912 ]
 [ 6.7826657 10.95529   14.122828  ...  9.296392  14.512072  12.915838 ]
 [15.51778   17.570843  12.502817  ... 11.863071  13.012951  11.541937 ]
 ...
 [16.174084  17.130388  10.329072  ... 11.975151   8.432959   8.203475 ]
 [ 7.107732  18.615578  12.479585  ... 17.13269   18.065428  18.065428 ]
 [19.28718   19.119581  16.584566  ...  9.644073  12.067961  13.386769 ]]"
109,"(40, 20)",50,0.01,0.07,"[[17.92713   14.603803  10.834502  ... 20.843168  20.843168  20.843168 ]
 [ 8.328356  10.95529   14.122828  ... 18.817284  15.367598  10.245726 ]
 [15.51778   14.538747  11.243648  ... 12.892361  13.448219  13.830759 ]
 ...
 [16.174084  17.130388  10.329072  ... 12.246628   9.294994  10.781799 ]
 [14.28429   15.577058  15.577058  ... 13.752594  13.752594  13.752594 ]
 [19.28718   12.551108  17.288877  ...  9.8396015  8.992258  11.509058 ]]"
110,"(40, 20)",50,0.01,0.03,"[[17.622145  14.991496  12.055826  ... 12.054543   6.9322515  9.302003 ]
 [ 8.328356  10.95529   11.876659  ... 14.412221  12.085049  12.085049 ]
 [15.880626  14.538747  14.652582  ... 13.891026  13.317647  13.152071 ]
 ...
 [16.174084  19.823862  13.999263  ...  9.98892   13.935507  12.192724 ]
 [12.6553135  9.516363  11.499431  ... 15.291251  13.71774   15.006551 ]
 [19.28718   14.927414  14.429889  ... 16.499279  12.042416  13.356368 ]]"
111,"(40, 20)",50,0.01,0.01,"[[17.622145  11.581015  16.22474   ... 12.616563  11.217584  12.799262 ]
 [12.6580305 11.677923  11.377535  ... 12.148962  10.699472   9.708447 ]
 [16.48756   14.467497  13.849485  ... 16.28244   13.448117  13.271567 ]
 ...
 [18.13575   22.281525  11.963096  ...  8.487163  10.216488  12.008289 ]
 [ 9.4382925 11.840259  13.052931  ... 10.611148  12.041775   9.527221 ]
 [18.276981  16.924774  12.072932  ... 16.91449   11.3876915 11.468937 ]]"
112,"(40, 20)",100,10.0,0.1,"[[16.566093 17.663994 19.552856 ... 27.44489  27.44489  27.44489 ]
 [12.377106 17.29509  17.29509  ... 28.208117 28.208117 28.208117]
 [23.719883 23.719883 24.351656 ... 24.351656 24.351656 24.351656]
 ...
 [16.925938 17.248693 17.248693 ... 30.91545  30.91545  30.91545 ]
 [13.113335 18.867632 18.867632 ... 23.937544 23.937544 23.937544]
 [17.406109 19.807316 20.09285  ... 25.42729  25.42729  25.42729 ]]"
113,"(40, 20)",100,10.0,0.07,"[[16.566093 17.663994 19.552856 ... 27.623528 27.623528 27.623528]
 [11.853815 13.183666 14.26942  ... 26.684652 26.684652 26.684652]
 [23.719883 23.719883 24.351656 ... 24.351656 25.518959 25.518959]
 ...
 [19.823862 19.823862 19.823862 ... 27.911678 27.911678 27.911678]
 [13.113335 18.867632 18.867632 ... 23.759167 23.759167 23.759167]
 [18.411901 21.393997 24.511217 ... 24.511217 24.511217 24.511217]]"
114,"(40, 20)",100,10.0,0.03,"[[16.606955 18.821993 22.195168 ... 24.505026 24.505026 24.505026]
 [13.392352 17.318785 17.318785 ... 27.09108  27.09108  27.09108 ]
 [23.719883 24.351656 24.351656 ... 25.518959 25.518959 25.518959]
 ...
 [19.823862 19.823862 19.823862 ... 29.782452 29.782452 29.782452]
 [12.069942 17.886196 17.886196 ... 31.634968 31.634968 31.634968]
 [18.411901 21.393997 26.437538 ... 28.890333 28.890333 28.890333]]"
115,"(40, 20)",100,10.0,0.01,"[[19.205837 24.505026 24.505026 ... 17.436926 22.25938  22.25938 ]
 [13.392352 17.525497 17.525497 ... 25.7925   25.7925   25.7925  ]
 [22.237274 22.307716 22.237274 ... 27.194492 28.312119 28.312119]
 ...
 [16.174084 20.492813 20.492813 ... 19.277994 19.277994 18.232029]
 [14.286064 20.898205 20.898205 ... 25.585007 25.585007 25.585007]
 [15.907018 16.530104 20.338497 ... 23.616404 23.616404 25.700005]]"
116,"(40, 20)",100,1.0,0.1,"[[13.453077  17.552074  21.838114  ... 28.19413   28.19413   28.19413  ]
 [12.786866  15.0182495 16.85871   ... 25.448597  25.448597  25.448597 ]
 [23.719883  23.719883  24.351656  ... 25.518959  25.518959  25.518959 ]
 ...
 [16.925938  20.492813  20.492813  ... 22.490408  22.490408  22.490408 ]
 [19.17868   24.06829   24.06829   ... 25.57392   25.57392   25.57392  ]
 [20.017351  25.42729   25.42729   ... 25.42729   25.42729   25.42729  ]]"
117,"(40, 20)",100,1.0,0.07,"[[13.453077 20.67943  22.65789  ... 25.954582 25.954582 25.954582]
 [12.786866 17.02523  26.37067  ... 29.197548 29.197548 29.197548]
 [23.719883 23.719883 24.351656 ... 24.74505  25.445265 25.445265]
 ...
 [19.823862 19.823862 19.823862 ... 29.782452 29.782452 29.782452]
 [19.17868  19.17868  24.06829  ... 25.57392  25.57392  25.57392 ]
 [20.017351 21.571388 28.609653 ... 29.976524 29.976524 29.976524]]"
118,"(40, 20)",100,1.0,0.03,"[[13.453077 16.334532 19.41966  ... 27.891657 27.891657 27.891657]
 [14.80788  17.408134 17.408134 ... 27.666504 27.666504 27.666504]
 [23.719883 24.351656 24.351656 ... 25.518959 25.518959 25.518959]
 ...
 [19.823862 19.823862 19.823862 ... 31.28231  31.28231  31.28231 ]
 [19.17868  19.17868  24.06829  ... 31.138052 31.138052 31.138052]
 [18.411901 19.850607 22.40908  ... 29.976524 29.976524 29.976524]]"
119,"(40, 20)",100,1.0,0.01,"[[13.453077 17.552074 21.838114 ... 22.027794 24.591698 24.591698]
 [14.80788  19.55162  19.55162  ... 19.767418 19.767418 20.733952]
 [17.248653 19.414951 19.616365 ... 29.826752 29.826752 29.826752]
 ...
 [16.174084 20.492813 20.492813 ... 24.637291 24.637291 22.643059]
 [11.567244 13.122753 16.887241 ... 25.25099  27.3956   23.729908]
 [18.74077  22.930788 22.930788 ... 19.40429  19.40429  20.097778]]"
120,"(40, 20)",100,0.1,0.1,"[[16.94753  17.552074 19.01199  ... 27.367832 26.912086 26.912086]
 [12.455814 12.7498   17.606989 ... 29.896011 29.896011 29.896011]
 [18.231037 19.656906 19.510092 ... 26.305525 22.486332 30.385485]
 ...
 [16.925938 16.925938 17.156754 ... 22.388485 20.828232 20.828232]
 [12.276683 14.686304 14.686304 ... 26.986021 26.986021 26.986021]
 [20.017351 18.226053 18.226053 ... 24.893715 24.893715 25.771101]]"
121,"(40, 20)",100,0.1,0.07,"[[16.94753  15.792149 15.792149 ... 23.57853  27.13123  27.13123 ]
 [12.455814 15.639367 10.803574 ... 24.644932 17.523197 17.523197]
 [18.231037 19.656906 19.510092 ... 15.71777  15.71777  15.71777 ]
 ...
 [19.823862 19.823862 19.823862 ... 16.721985 16.721985 15.96659 ]
 [12.276683 14.686304 14.686304 ... 17.826471 17.396175 17.396175]
 [20.017351 18.096836 18.885609 ... 15.39341  14.961878 16.753952]]"
122,"(40, 20)",100,0.1,0.03,"[[16.94753   15.204269  20.67943   ... 18.676283  20.022537  23.236979 ]
 [12.731812  13.844309  18.223785  ... 18.359867  17.61509   14.706908 ]
 [18.231037  18.231037  20.761038  ... 14.379602  16.453312  12.029279 ]
 ...
 [19.823862  20.492813  20.492813  ... 17.43729   17.136253  17.43729  ]
 [10.338464  13.42669   11.412385  ... 13.83831   15.545599  20.112518 ]
 [20.017351  17.752804  17.752804  ... 14.9685755 20.066935  20.066935 ]]"
123,"(40, 20)",100,0.1,0.01,"[[13.453077  15.4737835 17.321552  ... 16.122879  18.240234  18.8927   ]
 [10.873316  14.973518  14.527413  ... 14.478416  20.868559  26.154305 ]
 [18.231037  14.103822  18.623318  ... 16.055069  17.185661  17.185661 ]
 ...
 [16.174084  19.223776  17.753246  ... 12.216323  11.612289  12.938895 ]
 [10.338464  13.854731  13.221742  ... 22.436337  13.639109  13.455248 ]
 [20.017351  14.851906  17.09673   ... 13.837382  17.311434  15.758488 ]]"
124,"(40, 20)",100,0.01,0.1,"[[13.453077  15.792149  12.718136  ... 10.681963   9.240584   7.625782 ]
 [ 9.905258  15.955982  10.488005  ... 16.759457  12.279925  13.627653 ]
 [18.231037  15.448829  14.366024  ... 19.185358  16.834826  13.391234 ]
 ...
 [16.925938  16.174084  16.651665  ... 14.642063  21.760433  15.100108 ]
 [15.043097  12.307694  12.307694  ... 12.015565  14.775654  14.1172695]
 [20.017351  15.431903  18.840109  ... 18.068974  16.015099  13.753667 ]]"
125,"(40, 20)",100,0.01,0.07,"[[13.453077  15.792149  15.792149  ... 16.190035  12.669302  15.08379  ]
 [ 9.905258  15.955982  17.647594  ... 20.112814  14.153207  14.06048  ]
 [18.231037  15.448829  14.366024  ... 19.742622  15.8121195 16.967857 ]
 ...
 [19.823862  16.174084  16.651665  ...  9.817876   9.823757  15.949831 ]
 [15.043097  12.386864  12.796536  ... 15.4471855 14.186302  18.564411 ]
 [20.017351  17.468761  18.840109  ... 14.042832  11.286733  19.381824 ]]"
126,"(40, 20)",100,0.01,0.03,"[[13.545396  14.965798  10.7966795 ... 10.660223  13.35775   14.239613 ]
 [12.731812  15.955982  16.881783  ... 12.989162  15.029391  11.745947 ]
 [18.231037  13.555084  14.366024  ... 15.890097  17.111303  14.826433 ]
 ...
 [19.823862  15.619921  16.651665  ...  9.602167  18.593945   9.0723095]
 [15.043097  12.386864  10.2718    ... 15.450459  12.430915  12.569149 ]
 [20.017351  18.18326   17.752804  ... 12.894127  17.197094  13.888579 ]]"
127,"(40, 20)",100,0.01,0.01,"[[13.453077  13.864363  18.421776  ... 11.580192  14.641262  13.304871 ]
 [10.873316  14.903069  12.781021  ... 16.228113  17.30904   14.699129 ]
 [18.231037  14.100845  13.492846  ... 16.410086  12.545375  15.566856 ]
 ...
 [16.174084  18.831606  17.753246  ... 12.448139  17.925907  11.493458 ]
 [14.73736   12.665809  18.127108  ... 11.590422  14.446585  12.391245 ]
 [20.017351  15.469585  16.956259  ... 11.741735  11.1158085 13.913751 ]]"
128,"(40, 20)",200,10.0,0.1,"[[17.343151 18.264156 18.264156 ... 26.59269  26.59269  26.59269 ]
 [15.180354 17.978664 21.841532 ... 27.25808  27.25808  27.25808 ]
 [23.719883 24.163227 24.163227 ... 25.518959 25.518959 25.518959]
 ...
 [18.13575  18.13575  18.581867 ... 28.199211 28.199211 28.199211]
 [14.850515 17.807787 18.68672  ... 22.39505  22.39505  22.39505 ]
 [20.308723 20.308723 20.308723 ... 25.94248  25.94248  25.94248 ]]"
129,"(40, 20)",200,10.0,0.07,"[[17.343151 18.264156 18.264156 ... 26.59269  26.59269  26.59269 ]
 [15.180354 17.978664 21.354607 ... 27.25808  27.25808  27.25808 ]
 [23.719883 24.163227 24.163227 ... 25.518959 25.518959 25.518959]
 ...
 [18.939718 18.939718 18.939718 ... 24.474903 24.474903 24.474903]
 [14.850515 17.807787 18.68672  ... 27.116413 27.116413 27.116413]
 [20.308723 20.308723 20.308723 ... 29.182762 29.182762 29.182762]]"
130,"(40, 20)",200,10.0,0.03,"[[16.371145 19.798737 20.845284 ... 25.960663 25.960663 25.960663]
 [16.921722 21.32951  25.445435 ... 28.527826 28.527826 28.527826]
 [23.719883 24.351656 24.351656 ... 29.46368  29.46368  29.46368 ]
 ...
 [16.925938 19.823862 19.823862 ... 32.14174  32.14174  32.14174 ]
 [14.850515 17.807787 18.68672  ... 22.39505  22.39505  22.39505 ]
 [19.934004 21.216923 21.391369 ... 25.42729  25.42729  25.42729 ]]"
131,"(40, 20)",200,10.0,0.01,"[[16.47101  19.094566 19.34765  ... 27.603539 27.603539 27.603539]
 [16.921722 21.32951  21.896978 ... 28.527826 28.527826 28.527826]
 [23.719883 23.719883 24.163227 ... 29.46368  29.46368  29.46368 ]
 ...
 [19.002104 19.002104 19.002104 ... 24.921146 24.921146 24.921146]
 [13.5503   17.807787 18.68672  ... 27.116413 27.116413 27.116413]
 [19.32598  20.95229  21.391369 ... 26.80747  26.80747  26.80747 ]]"
132,"(40, 20)",200,1.0,0.1,"[[17.343151 18.264156 18.550037 ... 23.263168 23.263168 23.263168]
 [15.180354 17.978664 21.841532 ... 27.25808  27.25808  27.25808 ]
 [18.769161 22.067076 22.067076 ... 27.269064 27.269064 27.269064]
 ...
 [18.13575  19.967415 19.967415 ... 27.644478 27.644478 27.644478]
 [14.850515 15.729447 18.68672  ... 22.39505  22.39505  22.39505 ]
 [18.678535 23.325006 26.77375  ... 29.261898 29.261898 29.261898]]"
133,"(40, 20)",200,1.0,0.07,"[[16.290747 22.113552 22.849949 ... 29.821064 29.821064 29.821064]
 [15.180354 15.869969 15.853493 ... 29.474094 29.474094 29.474094]
 [18.769161 21.828451 27.950401 ... 28.711855 28.711855 28.711855]
 ...
 [18.939718 19.823862 19.823862 ... 32.14174  32.14174  32.14174 ]
 [14.850515 17.807787 27.545126 ... 27.545126 27.545126 27.545126]
 [19.534397 19.534397 25.935642 ... 28.609653 28.609653 28.609653]]"
134,"(40, 20)",200,1.0,0.03,"[[16.371145 26.84314  29.09348  ... 29.821064 29.821064 29.821064]
 [16.921722 21.32951  23.553047 ... 28.527826 28.527826 28.527826]
 [21.093023 21.093023 21.093023 ... 31.067297 31.067297 31.067297]
 ...
 [16.925938 17.130388 17.66296  ... 30.39357  30.39357  30.39357 ]
 [14.850515 15.729447 17.807787 ... 22.39505  22.39505  22.39505 ]
 [20.117962 20.117962 22.208675 ... 24.340183 24.340183 28.951977]]"
135,"(40, 20)",200,1.0,0.01,"[[14.64149   19.464725  19.464725  ... 28.19413   28.19413   28.19413  ]
 [16.921722  21.32951   21.896978  ... 25.656708  25.656708  25.656708 ]
 [21.093023  21.093023  21.953014  ... 26.13195   26.13195   26.13195  ]
 ...
 [19.002104  19.002104  19.823862  ... 32.14174   32.14174   32.14174  ]
 [13.940678  15.0130005 16.447903  ... 30.346756  30.346756  30.346756 ]
 [20.117962  20.117962  22.021408  ... 25.843771  25.843771  25.843771 ]]"
136,"(40, 20)",200,0.1,0.1,"[[17.343151  16.384727  19.448353  ... 25.626842  25.626842  25.626842 ]
 [10.292583  18.373909  18.373909  ... 27.268898  29.249012  29.368668 ]
 [18.769161  17.262278  21.923676  ... 28.088165  28.088165  28.088165 ]
 ...
 [18.13575   21.690582  17.248693  ... 27.475569  27.475569  27.475569 ]
 [13.1758995 18.068058  18.068058  ... 28.43435   28.43435   28.43435  ]
 [18.678535  18.678535  20.922922  ... 29.976524  29.976524  29.976524 ]]"
137,"(40, 20)",200,0.1,0.07,"[[16.290747  16.432518  21.261425  ... 31.702003  31.702003  31.702003 ]
 [10.292583  13.821203  14.899132  ... 20.817806  20.817806  23.067745 ]
 [18.769161  23.719883  17.406446  ... 18.390797  23.989315  19.509811 ]
 ...
 [16.925938  21.690582  21.555817  ... 33.80081   33.80081   33.80081  ]
 [13.1758995 12.1587105 11.266741  ... 21.79213   21.79213   20.378824 ]
 [19.534397  18.678535  17.813858  ... 28.338655  28.338655  28.338655 ]]"
138,"(40, 20)",200,0.1,0.03,"[[17.858269 20.35778  14.915638 ... 23.868578 28.692524 23.868578]
 [10.292583 14.856888 16.970348 ... 35.46575  35.46575  34.99038 ]
 [21.093023 22.909943 22.909943 ... 21.948687 17.520668 18.881226]
 ...
 [23.239735 21.690582 17.634365 ... 15.670456 16.590357 17.067886]
 [11.861989 13.921745 13.921745 ... 23.592846 25.72844  25.72844 ]
 [20.117962 20.17895  22.081295 ... 21.200016 17.121143 15.071554]]"
139,"(40, 20)",200,0.1,0.01,"[[17.858269 21.86988  16.826338 ... 15.301729 20.64998  20.64998 ]
 [11.896089 16.157164 18.766527 ... 15.944885 14.603701 16.55722 ]
 [21.093023 20.492502 18.951733 ... 17.553432 17.322426 21.219208]
 ...
 [19.002104 16.17848  14.463217 ... 13.894002 14.304032 20.314384]
 [18.615578 11.376611 17.163595 ... 15.418055 14.548246 14.046405]
 [20.117962 18.434393 16.688047 ... 15.285576 18.95985  19.572119]]"
140,"(40, 20)",200,0.01,0.1,"[[12.79991   18.960968  14.251005  ... 19.176867  27.008797  14.064358 ]
 [17.55272   15.428949  15.428949  ... 14.4955225 14.482302  15.468346 ]
 [17.262278  15.51778   20.448479  ... 16.167686  21.180586  20.650936 ]
 ...
 [18.13575   18.939718  16.174084  ... 20.152922  10.879443  14.253412 ]
 [10.443354  14.107262  13.374338  ... 14.408617  18.521187  18.521187 ]
 [18.678535  18.678535  17.28902   ... 17.396458  14.665979  16.778557 ]]"
141,"(40, 20)",200,0.01,0.07,"[[12.79991   13.9762535 17.536354  ... 13.152841  17.264545  12.534636 ]
 [17.55272   16.314949  14.930025  ... 13.244092  17.299152  19.577654 ]
 [17.262278  13.530692  18.846617  ... 18.7571    13.141596  17.333675 ]
 ...
 [18.939718  18.460056  19.823862  ... 11.765556  16.753502  19.150635 ]
 [ 8.700785  13.374338  24.771881  ... 18.340628  19.07581   14.863329 ]
 [19.534397  18.678535  17.377262  ... 17.130682  13.629822  24.94138  ]]"
142,"(40, 20)",200,0.01,0.03,"[[17.858269 19.823103 17.03831  ... 17.131428 13.088742 15.658648]
 [15.24341  15.0069   16.377163 ... 20.080553 15.879446 15.63801 ]
 [15.627821 14.182684 19.654442 ... 17.308804 23.44231  23.87542 ]
 ...
 [16.925938 17.333456 15.052047 ... 17.880665 19.314314 16.224953]
 [ 8.579708 11.847637 15.977819 ... 15.302252 20.394382 19.67786 ]
 [20.117962 18.566616 19.741844 ... 18.659294 15.558638 14.942103]]"
143,"(40, 20)",200,0.01,0.01,"[[17.858269  13.918243  14.5983715 ... 14.796877  16.436563  14.270601 ]
 [11.5540905 17.183178  18.581032  ... 12.422564  12.131914  13.394138 ]
 [15.627821  16.254671  17.243736  ... 14.303064  16.178644  15.562271 ]
 ...
 [19.002104  17.333456  14.082836  ... 15.748149  16.303501  20.659847 ]
 [ 9.970028  21.172783  13.666249  ... 12.393157  16.205093  16.00789  ]
 [20.117962  18.434393  17.812832  ... 20.409199  12.399363  15.446798 ]]"
144,"(100, 30)",50,10.0,0.1,"[[18.28033  23.249031 26.94909  ... 41.03108  41.03108  41.03108 ]
 [17.332653 24.946384 30.161282 ... 46.7347   46.7347   46.7347  ]
 [16.312    31.68516  34.403168 ... 48.576782 48.576782 48.576782]
 ...
 [31.193453 36.272026 40.942337 ... 57.42964  57.42964  57.42964 ]
 [31.11553  36.305412 36.305412 ... 50.934067 50.934067 50.934067]
 [22.21852  31.908476 39.45427  ... 59.330826 59.330826 59.330826]]"
145,"(100, 30)",50,10.0,0.07,"[[18.28033  23.249031 26.94909  ... 48.850506 48.850506 48.850506]
 [18.846008 24.263607 30.69301  ... 46.378654 46.378654 46.378654]
 [16.94883  20.737991 28.040375 ... 53.13501  53.13501  53.13501 ]
 ...
 [31.193453 36.272026 40.942337 ... 56.411274 56.411274 56.411274]
 [31.11553  36.305412 37.621105 ... 50.934067 50.934067 50.934067]
 [22.21852  31.908476 39.45427  ... 49.879967 49.879967 49.879967]]"
146,"(100, 30)",50,10.0,0.03,"[[13.394394 20.43557  27.410336 ... 43.442917 43.442917 43.442917]
 [24.253567 26.545471 32.464073 ... 41.090385 41.090385 41.090385]
 [20.404854 25.474106 28.675905 ... 56.60861  56.60861  56.60861 ]
 ...
 [29.439972 31.057877 36.622883 ... 56.451984 56.451984 56.451984]
 [29.594563 35.566326 39.885147 ... 51.03735  51.03735  51.03735 ]
 [19.3527   28.306082 36.756176 ... 52.939236 52.939236 52.939236]]"
147,"(100, 30)",50,10.0,0.01,"[[11.325224 19.737152 19.737152 ... 51.624382 51.624382 51.624382]
 [24.253567 28.634558 30.395435 ... 51.99366  51.042397 51.042397]
 [16.94883  23.102272 27.040281 ... 67.270355 67.270355 59.687862]
 ...
 [32.32987  38.626457 38.626457 ... 50.566895 50.566895 50.566895]
 [33.63847  33.63847  37.929905 ... 57.975346 57.975346 58.60305 ]
 [19.3527   28.166092 42.660145 ... 49.236534 49.236534 49.177547]]"
148,"(100, 30)",50,1.0,0.1,"[[18.28033  23.249031 26.94909  ... 46.352615 46.352615 46.352615]
 [17.332653 20.705414 23.54369  ... 41.744823 41.744823 41.744823]
 [16.312    31.68516  34.403168 ... 45.318626 45.318626 45.32303 ]
 ...
 [31.193453 36.272026 40.942337 ... 57.42964  57.42964  57.42964 ]
 [35.395535 43.988598 43.988598 ... 54.027718 54.027718 54.027718]
 [22.21852  31.908476 39.45427  ... 49.879967 49.879967 49.879967]]"
149,"(100, 30)",50,1.0,0.07,"[[18.28033  23.249031 26.94909  ... 49.716164 49.716164 49.716164]
 [18.48913  21.160355 27.396076 ... 50.031616 50.031616 50.031616]
 [16.939339 22.389948 33.035698 ... 50.00798  50.00798  50.00798 ]
 ...
 [31.193453 36.272026 40.942337 ... 56.411274 56.411274 56.411274]
 [35.395535 43.988598 45.077698 ... 57.594193 57.594193 57.594193]
 [22.21852  31.908476 39.45427  ... 49.879967 49.879967 49.879967]]"
150,"(100, 30)",50,1.0,0.03,"[[13.394394 21.924015 31.20446  ... 54.22542  54.22542  54.22542 ]
 [24.253567 26.545471 34.615883 ... 50.63909  50.63909  50.63909 ]
 [20.404854 25.474106 28.998188 ... 51.456085 51.456085 51.456085]
 ...
 [26.781239 28.959412 29.450321 ... 52.44739  52.44739  52.44739 ]
 [35.395535 42.40159  42.40159  ... 61.09825  61.09825  61.09825 ]
 [19.3527   29.110586 35.452404 ... 54.766438 54.766438 54.766438]]"
151,"(100, 30)",50,1.0,0.01,"[[11.325224 20.055738 28.377417 ... 55.115944 54.892914 54.892914]
 [24.253567 28.634558 30.395435 ... 54.13655  57.51755  57.51755 ]
 [15.792836 17.882193 27.809692 ... 48.57876  48.57876  44.274464]
 ...
 [28.373547 33.238575 37.44929  ... 51.11125  51.11125  51.11125 ]
 [29.068968 29.498022 33.611206 ... 57.367783 57.367783 57.367783]
 [19.3527   33.873383 33.873383 ... 53.75019  53.75019  53.75019 ]]"
152,"(100, 30)",50,0.1,0.1,"[[11.925742  9.407338 12.79251  ... 51.317196 51.317196 51.317196]
 [16.999159 19.184439 21.286877 ... 56.30562  56.30562  56.30562 ]
 [ 9.286493 26.018726 26.018726 ... 44.027485 44.027485 44.027485]
 ...
 [18.114105 25.300045 27.12641  ... 49.02466  52.999523 49.02466 ]
 [32.09744  32.09744  33.59884  ... 68.184006 68.184006 68.184006]
 [19.745106 30.80597  36.83319  ... 41.969254 42.211933 41.67225 ]]"
153,"(100, 30)",50,0.1,0.07,"[[11.925742 11.925742 17.730997 ... 60.532494 60.532494 60.532494]
 [16.999159 19.184439 20.603464 ... 46.339638 46.339638 46.339638]
 [10.706935 21.041006 28.496635 ... 53.112984 53.112984 51.444508]
 ...
 [18.649052 29.996517 31.955072 ... 56.852535 56.852535 56.852535]
 [32.09744  28.685535 29.719181 ... 48.066803 49.919216 47.09523 ]
 [17.47647  15.953172 20.855495 ... 55.623985 56.809433 55.623985]]"
154,"(100, 30)",50,0.1,0.03,"[[11.925742 11.925742 17.730997 ... 60.022068 60.022068 60.022068]
 [20.516964 20.516964 37.693336 ... 36.186523 38.103233 37.137505]
 [11.611323 21.661293 24.533777 ... 34.15711  32.969887 32.969887]
 ...
 [28.908516 27.729847 31.395039 ... 47.700573 47.700573 47.700573]
 [32.09744  31.237474 40.41272  ... 45.798176 42.07115  42.60292 ]
 [17.47647  23.070763 24.657267 ... 27.668488 34.392143 34.384285]]"
155,"(100, 30)",50,0.1,0.01,"[[11.249637  8.966991 16.634022 ... 38.994415 39.669327 39.669327]
 [21.751312 20.327236 23.516056 ... 35.903458 28.174751 36.198402]
 [14.200025 20.722013 31.14548  ... 32.14782  23.861095 29.260406]
 ...
 [32.512875 30.358461 25.771008 ... 43.8826   42.882423 42.882423]
 [28.685535 29.778543 29.778543 ... 37.497    33.23031  29.258924]
 [17.47647  31.111635 35.765663 ... 28.481405 26.901848 34.32248 ]]"
156,"(100, 30)",50,0.01,0.1,"[[ 7.8229084  9.407338  10.628866  ... 19.12468   17.621777  16.635988 ]
 [16.999159  21.721905  21.721905  ... 18.414742  23.697727  24.258572 ]
 [ 9.4678955 13.562778  15.147889  ... 19.350925  15.746651  20.453049 ]
 ...
 [20.466171  21.552408  25.36713   ... 22.94307   23.337059  23.61058  ]
 [29.068968  28.98514   26.13728   ... 39.926044  36.504135  36.504135 ]
 [19.745106  23.070763  17.291706  ... 25.553234  29.34283   21.796408 ]]"
157,"(100, 30)",50,0.01,0.07,"[[ 7.8229084 11.755908  11.755908  ... 23.107185  27.217876  30.556463 ]
 [16.999159  16.075144  20.603464  ... 21.067442  31.405783  31.405783 ]
 [ 8.840259  14.965265  15.147889  ... 15.5869255 16.07359   12.638199 ]
 ...
 [20.466171  21.552408  25.36713   ... 24.71573   16.058487  16.058487 ]
 [29.068968  28.98514   26.13728   ... 32.71678   29.597927  26.146235 ]
 [17.47647   16.16045   19.377224  ... 28.011898  25.688065  26.04946  ]]"
158,"(100, 30)",50,0.01,0.03,"[[ 7.7821426 12.741663  12.741663  ... 20.26086   26.70824   20.595272 ]
 [20.516964  18.105436  22.582676  ... 34.766052  26.456593  21.769707 ]
 [11.611323  13.344778  15.57028   ... 14.233407  17.242405  18.885542 ]
 ...
 [28.908516  27.009222  27.833782  ... 18.211546  16.72738   18.031296 ]
 [29.068968  28.685535  23.870316  ... 29.430202  28.578587  29.046928 ]
 [17.47647   23.070763  17.606503  ... 26.703587  19.925179  23.523754 ]]"
159,"(100, 30)",50,0.01,0.01,"[[11.249637 12.741663 13.564671 ... 21.985214 21.985214 25.540915]
 [21.751312 18.105436 18.105436 ... 25.638191 15.330417 20.534546]
 [13.104225 10.300788 24.194565 ... 19.635197 26.335918 21.37788 ]
 ...
 [32.512875 28.200426 13.559029 ... 20.569637 18.966734 20.380995]
 [29.068968 28.685535 23.647953 ... 27.865004 23.393911 27.392653]
 [17.47647  19.927036 22.611687 ... 22.108849 24.640417 30.116781]]"
160,"(100, 30)",100,10.0,0.1,"[[11.402786 17.12033  21.200897 ... 51.964306 51.964306 51.964306]
 [23.74216  30.063137 33.935963 ... 40.875366 40.875366 40.875366]
 [17.979786 22.276463 29.422516 ... 65.48628  65.48628  65.48628 ]
 ...
 [25.370863 32.33989  37.229355 ... 63.244297 63.244297 63.244297]
 [34.761127 41.93209  44.778694 ... 58.074642 58.074642 58.074642]
 [28.414757 31.406006 34.23625  ... 56.357834 56.357834 56.357834]]"
161,"(100, 30)",100,10.0,0.07,"[[11.402786 17.12033  23.340137 ... 56.719826 56.719826 56.719826]
 [23.74216  30.262596 32.36613  ... 62.42817  62.42817  62.42817 ]
 [15.691884 24.501879 31.576567 ... 55.676346 55.676346 55.676346]
 ...
 [25.086275 32.324974 35.764503 ... 45.48613  45.48613  45.48613 ]
 [34.761127 41.93209  44.778694 ... 54.707417 54.707417 54.707417]
 [26.253126 31.643332 33.77414  ... 48.236645 48.236645 48.236645]]"
162,"(100, 30)",100,10.0,0.03,"[[12.455011 18.435242 19.793083 ... 60.71936  60.71936  60.71936 ]
 [23.74216  30.063137 33.363976 ... 56.172867 56.172867 56.172867]
 [23.837872 29.94823  31.550438 ... 52.091633 52.091633 52.091633]
 ...
 [24.537577 32.731163 41.136955 ... 53.88667  53.88667  53.88667 ]
 [34.761127 41.93209  44.778694 ... 56.330986 56.330986 56.330986]
 [27.008099 30.111942 32.512936 ... 52.90154  52.90154  52.90154 ]]"
163,"(100, 30)",100,10.0,0.01,"[[11.993336 23.062742 26.306023 ... 52.40356  52.40356  52.40356 ]
 [23.74216  30.063137 33.082005 ... 52.989014 52.989014 52.989014]
 [15.126109 22.970894 28.24376  ... 53.99315  54.550964 54.550964]
 ...
 [25.256823 40.19666  40.19666  ... 64.49855  64.49855  64.49855 ]
 [34.761127 41.93209  46.936058 ... 58.644653 58.644653 58.644653]
 [24.088396 33.757835 34.9757   ... 68.15053  68.15053  68.15053 ]]"
164,"(100, 30)",100,1.0,0.1,"[[14.458202 25.485645 34.040703 ... 56.373337 56.373337 56.373337]
 [27.535381 33.163933 34.73873  ... 66.81268  66.81268  66.81268 ]
 [17.979786 22.276463 29.422516 ... 65.48628  65.48628  65.48628 ]
 ...
 [25.370863 35.45394  43.263653 ... 51.331734 51.331734 51.331734]
 [32.43087  40.268036 43.731987 ... 60.32584  60.32584  60.32584 ]
 [28.414757 31.406006 33.15132  ... 52.312157 52.312157 52.312157]]"
165,"(100, 30)",100,1.0,0.07,"[[14.458202 25.485645 30.651176 ... 56.373337 56.373337 56.373337]
 [27.535381 33.163933 37.500774 ... 59.349243 59.349243 59.349243]
 [16.62715  30.019924 34.647278 ... 41.766235 41.766235 41.766235]
 ...
 [25.086275 35.45394  43.263653 ... 51.331734 51.331734 51.331734]
 [32.43087  40.268036 43.731987 ... 52.5963   52.5963   52.5963  ]
 [26.253126 34.56133  39.280666 ... 47.159256 47.471825 47.471825]]"
166,"(100, 30)",100,1.0,0.03,"[[10.732515 21.482708 24.436007 ... 54.737617 54.737617 54.737617]
 [27.535381 37.500774 37.500774 ... 59.349243 59.349243 59.349243]
 [23.837872 29.94823  31.550438 ... 52.091633 52.091633 52.091633]
 ...
 [24.537577 32.731163 41.136955 ... 53.531574 53.531574 53.531574]
 [32.43087  40.268036 43.731987 ... 53.231667 53.231667 53.231667]
 [27.008099 30.111942 31.539658 ... 57.969166 57.969166 57.969166]]"
167,"(100, 30)",100,1.0,0.01,"[[13.577337 21.941692 26.684204 ... 52.663803 52.663803 52.663803]
 [23.74216  30.27892  36.61447  ... 61.428318 61.428318 61.428318]
 [15.126109 23.34972  28.847939 ... 50.066696 49.939484 50.066696]
 ...
 [25.256823 35.45394  40.19666  ... 66.27794  66.27794  66.27794 ]
 [32.43087  34.050385 37.366272 ... 65.569084 65.569084 65.569084]
 [26.186205 29.09422  32.887    ... 52.66185  52.66185  52.66185 ]]"
168,"(100, 30)",100,0.1,0.1,"[[14.458202 11.245948 12.193651 ... 64.05847  64.05847  64.05847 ]
 [16.04533  22.901772 28.298485 ... 53.815937 53.815937 53.815937]
 [18.866913 26.479979 34.93562  ... 48.506973 49.629677 53.366524]
 ...
 [28.623047 27.561838 29.514774 ... 64.94666  64.94666  64.82319 ]
 [29.015537 27.585571 31.23756  ... 55.405403 55.405403 55.405403]
 [21.292828 22.614052 29.277212 ... 57.817196 57.817196 57.817196]]"
169,"(100, 30)",100,0.1,0.07,"[[14.458202 19.380995 24.717628 ... 58.67188  58.67188  58.67188 ]
 [16.04533  24.778753 25.734776 ... 55.99135  55.697353 55.79809 ]
 [16.62722  24.387173 24.387173 ... 53.762184 58.904655 53.762184]
 ...
 [29.628061 29.672077 29.971039 ... 59.84066  58.636353 58.636353]
 [32.304405 32.304405 32.304405 ... 57.300312 57.300312 57.300312]
 [22.523022 24.002117 27.442305 ... 54.644142 54.644142 54.644142]]"
170,"(100, 30)",100,0.1,0.03,"[[ 8.166354 14.960012 19.784496 ... 52.101547 52.101547 52.83203 ]
 [16.675364 24.778753 25.165989 ... 61.34367  61.34367  61.34367 ]
 [17.431494 22.295143 21.389183 ... 55.62036  58.561596 58.561596]
 ...
 [29.628061 30.428598 30.428598 ... 48.886955 50.192005 50.192005]
 [32.304405 29.538818 34.145287 ... 57.93924  57.93924  57.93924 ]
 [26.357494 33.565704 33.565704 ... 43.10666  44.08487  42.533386]]"
171,"(100, 30)",100,0.1,0.01,"[[13.577337 11.871827 18.54757  ... 65.539276 63.06939  63.06939 ]
 [16.675364 23.70632  24.901382 ... 38.642067 40.522568 42.316902]
 [16.013237 19.660172 20.54993  ... 41.76574  40.619324 33.02112 ]
 ...
 [29.628061 28.966991 24.904917 ... 39.8948   36.75664  40.535706]
 [32.304405 34.316296 31.855253 ... 41.881054 46.173973 46.44874 ]
 [26.357494 33.34471  42.98008  ... 34.281227 30.82124  30.085524]]"
172,"(100, 30)",100,0.01,0.1,"[[14.458202  11.245948   9.7922325 ... 25.38628   17.290634  18.57819  ]
 [16.04533   22.901772  26.53979   ... 24.532259  25.766575  24.128471 ]
 [18.866913  26.479979  17.36686   ... 24.741291  28.126808  25.450348 ]
 ...
 [21.984156  21.984156  24.808456  ... 32.201122  32.201122  25.390957 ]
 [27.133438  27.133438  36.99706   ... 32.139854  29.731888  25.522278 ]
 [21.292828  20.91319   26.556297  ... 27.10687   25.276066  28.59114  ]]"
173,"(100, 30)",100,0.01,0.07,"[[14.458202 11.554266 12.523228 ... 19.19802  25.340748 21.736343]
 [16.04533  24.778753 15.782831 ... 30.158474 30.158474 20.336771]
 [16.62722  26.630337 21.73531  ... 29.302769 21.876648 17.706173]
 ...
 [29.628061 26.025341 24.808456 ... 26.960232 24.38861  23.718243]
 [32.304405 32.304405 29.48705  ... 29.766113 33.12038  38.240013]
 [22.523022 20.91319  30.130344 ... 24.48222  24.87167  28.350739]]"
174,"(100, 30)",100,0.01,0.03,"[[ 8.166354 11.554266 12.505983 ... 22.86969  22.86969  22.86969 ]
 [16.675364 24.778753 20.247868 ... 30.599495 31.55683  24.013706]
 [17.431494 18.38524  13.304644 ... 14.854893 22.237896 17.891882]
 ...
 [29.628061 32.542095 26.17814  ... 17.45123  21.418653 22.058937]
 [32.304405 32.304405 29.818336 ... 37.423355 37.72719  34.993393]
 [21.292828 26.760277 29.017038 ... 24.521545 26.595037 29.992805]]"
175,"(100, 30)",100,0.01,0.01,"[[13.577337 13.016009 10.411702 ... 21.036324 29.121298 16.6296  ]
 [16.675364 23.70632  26.542112 ... 26.081957 26.205177 28.233017]
 [16.013237 18.38524  20.85323  ... 21.275253 24.616928 32.74153 ]
 ...
 [29.628061 31.990393 26.17814  ... 25.469578 37.29554  29.945946]
 [32.304405 32.304405 27.819254 ... 29.885323 32.469257 31.840227]
 [21.96591  25.235802 26.224762 ... 26.567541 27.279    26.115057]]"
176,"(100, 30)",200,10.0,0.1,"[[14.458202 23.568779 38.072685 ... 57.477146 57.477146 57.477146]
 [25.523197 31.94696  38.15525  ... 55.78052  55.78052  55.78052 ]
 [24.875492 33.683468 37.75779  ... 55.67441  55.67441  55.67441 ]
 ...
 [29.373657 31.91957  35.336586 ... 44.82718  44.82718  44.82718 ]
 [31.066534 39.280556 40.537537 ... 75.91072  75.91072  75.91072 ]
 [31.149227 42.114437 46.467323 ... 47.489147 47.489147 47.489147]]"
177,"(100, 30)",200,10.0,0.07,"[[14.458202 23.568779 38.052826 ... 57.477146 57.477146 57.477146]
 [25.861137 32.3267   36.08363  ... 51.055763 51.055763 51.055763]
 [26.322952 35.618156 42.416298 ... 49.409218 49.409218 49.409218]
 ...
 [29.373657 31.321426 36.658497 ... 59.129303 59.129303 59.129303]
 [31.066534 42.86278  45.603825 ... 58.553993 58.553993 58.553993]
 [31.149227 42.114437 46.467323 ... 55.88849  55.88849  55.88849 ]]"
178,"(100, 30)",200,10.0,0.03,"[[14.458202 23.568779 32.376236 ... 58.0111   58.0111   58.0111  ]
 [25.861137 33.923893 36.93793  ... 57.94556  57.94556  57.94556 ]
 [26.322952 38.22422  49.450935 ... 53.200027 53.200027 53.200027]
 ...
 [29.373657 31.000029 34.23438  ... 42.835323 42.835323 42.835323]
 [32.90815  42.02169  43.538128 ... 59.032776 59.032776 59.032776]
 [23.435848 30.795515 36.86955  ... 49.758163 49.758163 49.758163]]"
179,"(100, 30)",200,10.0,0.01,"[[17.864958 23.074867 32.80886  ... 63.558743 63.558743 63.558743]
 [25.861137 35.518196 42.326874 ... 63.20382  63.20382  63.20382 ]
 [24.875492 29.354723 30.2663   ... 58.29432  58.29432  58.29432 ]
 ...
 [29.323065 35.922882 39.03537  ... 58.98326  58.98326  58.98326 ]
 [35.015522 44.051056 49.018745 ... 54.48488  54.48488  54.567192]
 [23.435848 31.059687 39.45925  ... 50.179417 50.179417 50.179417]]"
180,"(100, 30)",200,1.0,0.1,"[[14.458202 20.864841 48.621857 ... 58.0111   58.0111   58.0111  ]
 [25.523197 30.236809 35.640553 ... 57.84891  57.84891  57.84891 ]
 [24.875492 33.683468 37.75779  ... 56.129337 56.129337 56.129337]
 ...
 [29.373657 31.91957  33.92411  ... 56.961357 56.961357 56.961357]
 [33.736847 37.189846 37.189846 ... 51.548622 51.548622 51.548622]
 [29.92416  41.97116  44.535286 ... 55.119637 55.119637 55.119637]]"
181,"(100, 30)",200,1.0,0.07,"[[14.458202 20.864841 48.621857 ... 58.0111   58.0111   58.0111  ]
 [25.861137 32.3267   35.944748 ... 54.514954 54.514954 54.514954]
 [26.322952 35.618156 42.416298 ... 48.5676   48.5676   48.5676  ]
 ...
 [29.373657 31.386875 34.23438  ... 54.66651  54.66651  54.66651 ]
 [33.736847 37.189846 38.19806  ... 53.9905   53.9905   53.9905  ]
 [29.92416  41.97116  44.535286 ... 57.98232  57.98232  57.98232 ]]"
182,"(100, 30)",200,1.0,0.03,"[[14.458202 21.656443 27.52762  ... 59.230347 59.230347 59.230347]
 [25.861137 32.3267   35.518196 ... 61.50047  61.50047  61.50047 ]
 [26.322952 38.22422  49.450935 ... 58.077515 58.077515 58.077515]
 ...
 [29.373657 31.000029 34.23438  ... 45.48613  45.48613  45.48613 ]
 [33.736847 42.02169  43.538128 ... 52.402313 52.402313 52.402313]
 [24.168678 39.10121  44.91359  ... 52.836746 52.836746 52.836746]]"
183,"(100, 30)",200,1.0,0.01,"[[17.864958 23.074867 32.80886  ... 61.04219  61.04219  61.04219 ]
 [25.861137 33.923893 34.115364 ... 55.78052  55.78052  55.78052 ]
 [25.215363 29.354723 30.2663   ... 56.129337 56.129337 56.129337]
 ...
 [29.323065 35.922882 39.03537  ... 58.98326  58.98326  58.98326 ]
 [35.015522 44.051056 49.018745 ... 58.0623   58.0623   58.0623  ]
 [25.54411  32.202972 36.882122 ... 54.915672 54.915672 54.915672]]"
184,"(100, 30)",200,0.1,0.1,"[[10.738626 16.499426 18.538765 ... 59.21509  59.21509  59.21509 ]
 [22.651009 24.399773 29.90842  ... 55.473103 54.45092  55.495647]
 [19.811216 19.811216 28.634296 ... 56.48665  56.48665  56.48665 ]
 ...
 [29.373657 31.91957  31.91957  ... 56.266563 56.266563 56.266563]
 [33.736847 37.189846 37.189846 ... 58.553993 58.553993 58.553993]
 [21.555672 30.48511  40.314926 ... 54.60591  54.60591  56.342636]]"
185,"(100, 30)",200,0.1,0.07,"[[10.738626 16.499426 19.186832 ... 57.8572   57.8572   57.8572  ]
 [22.651009 24.423466 30.776442 ... 56.046364 56.046364 56.046364]
 [19.811216 19.811216 24.318573 ... 62.80458  62.80458  62.80458 ]
 ...
 [29.373657 29.373657 32.796062 ... 67.52859  67.52859  67.52859 ]
 [33.736847 33.736847 36.042244 ... 57.78983  57.79878  57.79878 ]
 [21.555672 30.48511  32.20958  ... 54.780033 54.780033 54.780033]]"
186,"(100, 30)",200,0.1,0.03,"[[14.27418  19.58953  25.012691 ... 59.97127  59.97127  59.97127 ]
 [22.366812 24.124302 25.953049 ... 59.274902 60.306694 60.306694]
 [19.811216 21.4594   23.898941 ... 59.504658 59.504658 59.504658]
 ...
 [34.935455 28.14791  32.40478  ... 60.581673 61.21514  63.225613]
 [33.736847 36.042244 33.736847 ... 58.9545   58.9545   58.9545  ]
 [21.419146 27.77319  29.834242 ... 55.508217 55.508217 55.508217]]"
187,"(100, 30)",200,0.1,0.01,"[[14.27418  20.893215 33.26994  ... 35.670788 33.64741  40.998775]
 [22.366812 26.95805  28.728767 ... 50.28583  50.28583  51.888706]
 [22.455837 22.455837 37.202694 ... 56.326805 56.940086 56.56261 ]
 ...
 [25.713848 31.17678  31.845146 ... 54.805614 54.805614 52.5829  ]
 [35.015522 36.22707  34.13206  ... 53.794735 53.794735 53.931576]
 [21.419146 34.373238 33.829338 ... 44.080185 41.625877 48.729042]]"
188,"(100, 30)",200,0.01,0.1,"[[10.738626 13.370958 16.739992 ... 33.735294 33.735294 33.735294]
 [21.654554 24.124302 28.234314 ... 23.801605 28.910309 23.038067]
 [19.811216 15.35663  20.17414  ... 23.183153 26.715292 38.59921 ]
 ...
 [28.623047 27.528036 33.184853 ... 32.68184  29.433249 24.44485 ]
 [33.736847 33.736847 33.736847 ... 35.037624 33.603592 32.84791 ]
 [21.419146 29.466707 37.471313 ... 35.316658 35.316658 35.316658]]"
189,"(100, 30)",200,0.01,0.07,"[[10.738626 13.370958 13.21276  ... 19.239746 28.09184  28.09184 ]
 [18.0925   24.124302 24.654455 ... 35.02181  26.27351  29.354197]
 [19.811216 19.4778   20.17414  ... 21.503904 22.207508 22.207508]
 ...
 [28.623047 27.528036 33.184853 ... 25.650528 26.068794 23.094412]
 [33.736847 36.744843 33.736847 ... 33.576347 33.576347 28.663815]
 [21.419146 22.890348 22.890348 ... 31.398355 30.400455 29.333466]]"
190,"(100, 30)",200,0.01,0.03,"[[11.132639 17.575176 15.815107 ... 20.775393 31.051159 27.634886]
 [18.0925   24.124302 24.433252 ... 30.043364 34.10032  30.324333]
 [19.811216 18.037207 22.873123 ... 23.666187 26.659676 26.148636]
 ...
 [34.935455 27.528036 30.006247 ... 20.26402  24.493645 27.755634]
 [33.736847 33.64529  26.818754 ... 39.014507 38.078537 35.462677]
 [20.246277 25.960602 24.745255 ... 31.813873 28.089394 30.945166]]"
191,"(100, 30)",200,0.01,0.01,"[[10.325272  15.7395935 15.35499   ... 23.900919  23.66811   24.3863   ]
 [20.529043  19.912178  22.822598  ... 32.421684  26.240326  27.64657  ]
 [22.455837  17.9171    19.338846  ... 22.047073  22.123219  23.437975 ]
 ...
 [25.713848  25.000519  23.90076   ... 27.005814  30.583874  38.03953  ]
 [33.736847  29.911236  29.253984  ... 35.87477   26.413727  33.316174 ]
 [20.246277  31.0906    26.580116  ... 27.95962   25.146748  28.23943  ]]"
